,gtq8_7,gtq15_6,gtq24_6,gtq25_6,pc.gt2,lpc.gt2,avg.gt2,gtq8.6,gtq15.5,gtq24.5,gtq25.5,pc2.dig,lpc2.dig,Trade,Coop_Clust,Coop_RD,PROD_INN,PROC_INN,Year,Type,Region
1,0,0,0,0,0,0,0,0,0,0,0,0,0,0,0,0,0,0,2021,Sci,dolno?l?skie
2,0,0,1,1,0.427041106,0.474076651,0.5,1,0,1,1,0.7301065,0.693465178,1,1,0,1,0,2018,Micro,pomorskie
3,0,0,1,1,0.427041106,0.474076651,0.5,0,0,1,1,0.475018866,0.444248003,0,1,1,1,0,2019,Micro,kujawsko-pomorskie
4,0,0,1,1,0.427041106,0.474076651,0.5,0,1,1,1,0.744912366,0.750782825,0,1,0,0,0,2023,Micro,ma?opolskie
5,0,0,0,0,0,0,0,1,0,0,1,0.486984641,0.375079247,0,1,0,0,1,,Other,dolno?l?skie
6,0,0,1,1,0.427041106,0.474076651,0.5,0,0,1,1,0.475018866,0.444248003,0,0,0,0,0,2014,Micro,podlaskie
7,0,0,0,1,0.205856032,0.12996948,0.25,0,1,1,1,0.744912366,0.750782825,0,1,0,0,0,,Small,?l?skie
8,1,1,1,1,1,1,1,1,1,1,1,1,1,0,1,1,1,1,2011,Large,mazowieckie
9,0,0,0,1,0.205856032,0.12996948,0.25,0,0,1,1,0.475018866,0.444248003,0,1,0,0,0,2015,Large,podlaskie
10,0,0,1,1,0.427041106,0.474076651,0.5,0,0,1,1,0.475018866,0.444248003,0,1,1,0,1,2015,Sci,?ódzkie
11,1,0,0,0,0.284382182,0.249176002,0.25,1,0,0,0,0.255087634,0.249217175,0,1,1,1,0,2023,Small,opolskie
12,0,0,1,1,0.427041106,0.474076651,0.5,0,0,1,1,0.475018866,0.444248003,0,1,1,0,0,2019,Large,lubuskie
13,0,0,1,1,0.427041106,0.474076651,0.5,0,0,1,1,0.475018866,0.444248003,0,1,1,1,0,2018,Small,warmi?sko-mazurskie
14,0,0,0,0,0,0,0,0,0,0,1,0.231897007,0.125862072,0,0,0,0,1,2019,Micro,wielkopolskie
15,0,0,0,1,0.205856032,0.12996948,0.25,0,0,0,1,0.231897007,0.125862072,0,0,0,0,0,2021,Large,podlaskie
16,0,0,1,1,0.427041106,0.474076651,0.5,1,0,1,1,0.7301065,0.693465178,0,1,1,0,0,2017,BusEnv,?ódzkie
17,0,0,0,0,0,0,0,0,0,0,0,0,0,0,0,0,0,0,2025,Micro,ma?opolskie
18,1,1,1,1,1,1,1,1,1,1,1,1,1,1,0,1,0,1,2011,Middle,kujawsko-pomorskie
19,1,0,1,0,0.505567256,0.593283174,0.5,1,0,1,1,0.7301065,0.693465178,0,1,0,0,1,2009,Large,?l?skie
20,0,0,1,1,0.427041106,0.474076651,0.5,0,1,1,1,0.744912366,0.750782825,1,0,1,1,1,2017,Micro,pomorskie
21,0,0,1,1,0.427041106,0.474076651,0.5,0,1,1,1,0.744912366,0.750782825,0,1,0,0,0,2022,Micro,?l?skie
22,0,1,1,1,0.715617818,0.750823998,0.75,1,1,1,1,1,1,1,1,0,1,1,2022,Micro,mazowieckie
23,0,0,0,0,0,0,0,0,0,0,1,0.231897007,0.125862072,0,1,1,0,1,2008,Micro,lubelskie
24,0,0,0,1,0.205856032,0.12996948,0.25,0,0,1,1,0.475018866,0.444248003,0,1,0,1,0,2019,Micro,kujawsko-pomorskie
25,0,0,0,1,0.205856032,0.12996948,0.25,1,0,0,1,0.486984641,0.375079247,0,1,1,0,0,2022,Middle,?wi?tokrzyskie
26,0,1,1,1,0.715617818,0.750823998,0.75,0,1,1,1,0.744912366,0.750782825,1,1,1,1,1,2016,Middle,ma?opolskie
27,0,0,0,1,0.205856032,0.12996948,0.25,0,0,0,0,0,0,0,0,0,0,1,,Middle,kujawsko-pomorskie
28,1,1,1,1,1,1,1,0,0,0,0,0,0,0,1,1,1,1,2012,Small,dolno?l?skie
29,0,0,1,1,0.427041106,0.474076651,0.5,0,0,1,1,0.475018866,0.444248003,0,1,0,0,1,2012,Middle,lubelskie
30,1,1,1,1,1,1,1,1,1,1,1,1,1,1,1,1,1,1,2016,Small,?ódzkie
31,0,0,0,1,0.205856032,0.12996948,0.25,0,0,1,1,0.475018866,0.444248003,0,1,0,0,0,2024,Small,lubuskie
32,0,0,0,1,0.205856032,0.12996948,0.25,0,0,1,1,0.475018866,0.444248003,0,1,0,0,0,2022,Small,pomorskie
33,0,0,0,0,0,0,0,0,1,1,1,0.744912366,0.750782825,0,1,0,0,0,2012,Sci,pomorskie
34,0,0,1,1,0.427041106,0.474076651,0.5,0,0,0,0,0,0,0,1,0,0,0,2012,Middle,podlaskie
35,1,1,1,1,1,1,1,0,0,1,1,0.475018866,0.444248003,0,1,1,1,1,2018,Micro,mazowieckie
36,0,0,1,1,0.427041106,0.474076651,0.5,1,1,1,1,1,1,1,1,0,0,1,2019,Micro,mazowieckie
37,1,1,1,1,1,1,1,1,1,1,1,1,1,1,1,1,0,1,2017,Small,?ódzkie
38,1,1,1,0,0.794143968,0.87003052,0.75,0,0,1,1,0.475018866,0.444248003,1,1,1,1,1,2012,Small,dolno?l?skie
39,0,0,1,1,0.427041106,0.474076651,0.5,1,0,0,1,0.486984641,0.375079247,0,0,0,0,0,2023,Middle,ma?opolskie
40,0,0,1,0,0.221185074,0.344107172,0.25,0,0,0,0,0,0,0,1,0,0,0,2021,Micro,pomorskie
41,0,0,0,1,0.205856032,0.12996948,0.25,0,0,1,1,0.475018866,0.444248003,0,1,1,0,0,2023,Small,ma?opolskie
42,0,0,0,0,0,0,0,0,1,1,1,0.744912366,0.750782825,0,1,0,1,1,2019,Small,?l?skie
43,0,1,1,1,0.715617818,0.750823998,0.75,1,0,1,1,0.7301065,0.693465178,0,1,1,1,1,,Micro,dolno?l?skie
44,0,0,1,0,0.221185074,0.344107172,0.25,0,0,1,0,0.243121859,0.318385931,0,1,0,0,0,2022,Small,podkarpackie
45,1,1,1,1,1,1,1,1,0,1,1,0.7301065,0.693465178,0,1,1,0,1,,Micro,ma?opolskie
46,1,0,1,1,0.711423288,0.723252654,0.75,1,0,1,1,0.7301065,0.693465178,0,1,0,0,0,2016,Small,?l?skie
47,0,0,1,1,0.427041106,0.474076651,0.5,0,0,1,1,0.475018866,0.444248003,1,1,1,1,1,2003,Large,podkarpackie
48,0,0,0,0,0,0,0,0,0,0,0,0,0,0,0,0,0,0,2018,Other,dolno?l?skie
49,0,0,0,0,0,0,0,0,0,0,1,0.231897007,0.125862072,1,1,0,1,0,2010,Middle,pomorskie
50,0,0,0,1,0.205856032,0.12996948,0.25,0,0,0,1,0.231897007,0.125862072,0,1,0,0,1,2015,Small,podlaskie
51,0,0,0,1,0.205856032,0.12996948,0.25,0,0,0,1,0.231897007,0.125862072,0,1,0,0,1,2023,Large,lubuskie
52,0,0,0,1,0.205856032,0.12996948,0.25,0,0,1,1,0.475018866,0.444248003,0,1,0,0,0,2019,Micro,kujawsko-pomorskie
53,0,0,1,0,0.221185074,0.344107172,0.25,1,1,1,1,1,1,0,1,1,1,0,2020,Micro,?l?skie
54,0,0,1,1,0.427041106,0.474076651,0.5,0,0,1,1,0.475018866,0.444248003,0,1,1,0,0,2011,Micro,pomorskie
55,0,0,0,0,0,0,0,1,0,1,1,0.7301065,0.693465178,0,1,0,0,0,2021,Micro,kujawsko-pomorskie
56,0,0,1,0,0.221185074,0.344107172,0.25,0,0,1,0,0.243121859,0.318385931,0,1,0,0,0,2023,Micro,lubelskie
57,0,0,1,1,0.427041106,0.474076651,0.5,0,0,1,1,0.475018866,0.444248003,0,1,0,1,0,2020,Micro,kujawsko-pomorskie
58,0,0,0,1,0.205856032,0.12996948,0.25,0,0,0,1,0.231897007,0.125862072,0,1,0,0,0,2006,Micro,kujawsko-pomorskie
59,0,0,1,1,0.427041106,0.474076651,0.5,0,0,1,1,0.475018866,0.444248003,0,1,1,0,0,2020,Middle,kujawsko-pomorskie
60,1,1,1,1,1,1,1,1,1,1,1,1,1,1,1,1,1,1,2015,Middle,?ódzkie
61,0,0,1,1,0.427041106,0.474076651,0.5,0,0,1,1,0.475018866,0.444248003,1,1,0,0,0,2021,Micro,lubuskie
62,0,0,0,0,0,0,0,0,0,0,0,0,0,1,1,0,1,0,2023,Small,ma?opolskie
63,0,0,1,1,0.427041106,0.474076651,0.5,0,0,1,1,0.475018866,0.444248003,0,1,0,0,0,2018,Large,?ódzkie
64,0,0,1,1,0.427041106,0.474076651,0.5,0,0,1,1,0.475018866,0.444248003,0,1,0,0,0,2021,Middle,?l?skie
65,1,1,1,0,0.794143968,0.87003052,0.75,0,0,1,0,0.243121859,0.318385931,0,1,1,0,0,2019,Small,podkarpackie
66,0,0,0,1,0.205856032,0.12996948,0.25,0,0,0,1,0.231897007,0.125862072,1,1,0,0,1,2015,Middle,lubelskie
67,0,0,0,1,0.205856032,0.12996948,0.25,0,0,0,1,0.231897007,0.125862072,0,1,1,1,1,,Micro,kujawsko-pomorskie
68,0,0,0,0,0,0,0,1,0,0,0,0.255087634,0.249217175,0,0,0,0,0,2018,Small,zachodniopomorskie
69,0,0,1,1,0.427041106,0.474076651,0.5,0,0,1,1,0.475018866,0.444248003,0,0,0,0,0,2024,Middle,ma?opolskie
70,0,0,1,1,0.427041106,0.474076651,0.5,0,0,1,0,0.243121859,0.318385931,1,1,1,0,0,2020,Small,ma?opolskie
71,0,0,0,0,0,0,0,0,0,0,0,0,0,1,1,0,0,0,2022,Micro,podlaskie
72,1,1,1,1,1,1,1,1,1,1,1,1,1,1,1,1,1,1,2017,Micro,mazowieckie
73,0,0,0,1,0.205856032,0.12996948,0.25,0,0,0,1,0.231897007,0.125862072,0,1,0,0,0,2024,Small,mazowieckie
74,0,1,0,0,0.288576712,0.276747346,0.25,0,0,0,1,0.231897007,0.125862072,0,1,0,0,0,2023,Small,ma?opolskie
75,1,1,1,1,1,1,1,1,0,1,1,0.7301065,0.693465178,0,0,0,0,1,,Middle,ma?opolskie
76,0,0,0,0,0,0,0,0,1,0,0,0.2698935,0.306534822,0,1,0,0,0,2021,Micro,lubuskie
77,1,1,1,1,1,1,1,1,1,1,1,1,1,1,1,1,0,0,2020,Small,zachodniopomorskie
78,0,0,0,0,0,0,0,0,0,0,0,0,0,0,1,0,0,0,,LocGov,dolno?l?skie
79,0,0,1,0,0.221185074,0.344107172,0.25,0,0,1,1,0.475018866,0.444248003,0,0,0,0,0,2018,Small,wielkopolskie
80,0,0,0,0,0,0,0,0,0,0,0,0,0,0,1,0,0,0,2025,Micro,ma?opolskie
81,0,0,0,1,0.205856032,0.12996948,0.25,0,0,0,1,0.231897007,0.125862072,0,1,0,0,0,2016,Large,wielkopolskie
82,0,0,0,1,0.205856032,0.12996948,0.25,0,0,0,0,0,0,0,1,0,0,0,2014,Micro,zachodniopomorskie
83,1,0,0,0,0.284382182,0.249176002,0.25,1,0,0,0,0.255087634,0.249217175,0,1,0,0,0,2022,Other,dolno?l?skie
84,1,1,1,1,1,1,1,1,1,1,1,1,1,1,1,1,0,1,2006,Micro,?l?skie
85,1,0,0,1,0.490238214,0.379145482,0.5,1,0,1,1,0.7301065,0.693465178,0,1,1,0,1,2017,LocGov,mazowieckie
86,0,0,1,1,0.427041106,0.474076651,0.5,1,1,1,1,1,1,1,1,1,0,0,2007,Micro,?l?skie
87,0,0,0,1,0.205856032,0.12996948,0.25,0,0,0,1,0.231897007,0.125862072,1,0,0,1,0,2017,Small,ma?opolskie
88,0,0,0,0,0,0,0,0,0,0,1,0.231897007,0.125862072,0,0,0,0,0,2009,Small,pomorskie
89,0,1,0,1,0.494432744,0.406716826,0.5,1,1,1,1,1,1,1,1,0,0,0,2012,Middle,?l?skie
90,0,1,1,1,0.715617818,0.750823998,0.75,0,0,0,1,0.231897007,0.125862072,0,1,0,0,0,2021,Sci,?l?skie
91,1,1,1,1,1,1,1,0,0,0,1,0.231897007,0.125862072,0,1,1,0,1,2011,Sci,podkarpackie
92,1,1,1,1,1,1,1,1,1,1,1,1,1,1,1,0,0,1,,Small,?l?skie
93,0,0,0,1,0.205856032,0.12996948,0.25,0,0,0,1,0.231897007,0.125862072,0,1,0,0,0,2015,Micro,dolno?l?skie
94,0,0,1,0,0.221185074,0.344107172,0.25,0,0,1,0,0.243121859,0.318385931,0,0,0,0,0,2024,Micro,ma?opolskie
95,0,1,1,1,0.715617818,0.750823998,0.75,0,0,1,1,0.475018866,0.444248003,1,1,1,0,0,2017,Middle,wielkopolskie
96,0,0,0,0,0,0,0,0,0,0,1,0.231897007,0.125862072,0,0,0,0,0,2019,Micro,?wi?tokrzyskie
97,0,0,0,0,0,0,0,0,0,0,1,0.231897007,0.125862072,1,1,0,0,0,2023,Small,podlaskie
98,0,0,1,1,0.427041106,0.474076651,0.5,0,0,1,1,0.475018866,0.444248003,0,1,0,0,0,,Small,wielkopolskie
99,0,0,0,1,0.205856032,0.12996948,0.25,0,0,0,1,0.231897007,0.125862072,0,1,0,0,0,,BusEnv,wielkopolskie
100,1,0,1,0,0.505567256,0.593283174,0.5,1,0,1,0,0.498209493,0.567603106,0,1,0,0,1,2023,Micro,podlaskie
101,1,1,1,1,1,1,1,1,1,1,1,1,1,1,1,1,0,1,2018,Small,zachodniopomorskie
102,0,0,1,0,0.221185074,0.344107172,0.25,0,0,1,0,0.243121859,0.318385931,0,1,0,1,0,2005,Middle,podkarpackie
103,0,0,1,1,0.427041106,0.474076651,0.5,0,0,1,1,0.475018866,0.444248003,0,1,0,0,0,2022,Middle,podlaskie
104,1,0,1,1,0.711423288,0.723252654,0.75,0,0,0,1,0.231897007,0.125862072,0,0,0,0,0,,Micro,ma?opolskie
105,1,1,1,1,1,1,1,1,1,1,1,1,1,1,1,1,1,1,,Middle,zachodniopomorskie
106,0,0,0,0,0,0,0,0,0,1,0,0.243121859,0.318385931,1,0,0,0,0,2023,Micro,podkarpackie
107,0,0,1,1,0.427041106,0.474076651,0.5,0,0,1,1,0.475018866,0.444248003,1,1,1,0,0,,Sci,mazowieckie
108,1,1,1,1,1,1,1,0,0,0,1,0.231897007,0.125862072,0,1,1,0,1,2008,Other,mazowieckie
109,1,1,1,1,1,1,1,1,1,1,1,1,1,0,1,1,0,0,,Sci,mazowieckie
110,1,1,1,1,1,1,1,1,1,1,1,1,1,0,1,0,0,1,2012,Micro,?l?skie
111,0,0,0,0,0,0,0,0,0,0,0,0,0,0,0,0,0,0,2014,Middle,podkarpackie
112,0,0,0,0,0,0,0,0,0,0,0,0,0,0,0,0,0,0,2021,Micro,?l?skie
113,0,0,1,1,0.427041106,0.474076651,0.5,1,0,1,1,0.7301065,0.693465178,0,1,1,1,0,2020,Micro,podkarpackie
114,0,0,1,1,0.427041106,0.474076651,0.5,0,0,1,1,0.475018866,0.444248003,0,1,0,0,1,2021,Micro,podlaskie
115,0,0,1,1,0.427041106,0.474076651,0.5,1,1,1,1,1,1,0,1,1,0,0,2023,Micro,mazowieckie
116,0,0,1,1,0.427041106,0.474076651,0.5,1,1,1,1,1,1,1,1,1,0,1,2010,Micro,lubuskie
117,0,0,0,1,0.205856032,0.12996948,0.25,0,0,0,1,0.231897007,0.125862072,0,0,0,0,0,2022,Sci,mazowieckie
118,0,0,1,1,0.427041106,0.474076651,0.5,0,0,1,1,0.475018866,0.444248003,0,1,0,0,0,2021,Large,?l?skie
119,1,1,1,1,1,1,1,1,1,1,1,1,1,1,1,1,1,0,2009,Large,zachodniopomorskie
120,0,0,1,1,0.427041106,0.474076651,0.5,0,0,1,1,0.475018866,0.444248003,0,1,0,0,1,2013,Sci,dolno?l?skie
121,0,0,1,1,0.427041106,0.474076651,0.5,0,0,1,1,0.475018866,0.444248003,0,1,0,1,0,2014,Small,lubelskie
122,0,0,0,0,0,0,0,0,0,0,0,0,0,0,1,1,1,1,2013,Small,podkarpackie
123,0,0,1,0,0.221185074,0.344107172,0.25,0,0,1,0,0.243121859,0.318385931,0,0,0,0,0,2016,Large,lubuskie
124,0,0,0,0,0,0,0,0,0,1,0,0.243121859,0.318385931,0,1,0,0,0,2014,Small,mazowieckie
125,1,0,0,0,0.284382182,0.249176002,0.25,1,1,1,1,1,1,1,1,1,1,1,2021,Small,lubelskie
126,1,1,1,1,1,1,1,1,1,1,1,1,1,0,1,1,1,1,2020,Small,mazowieckie
127,0,0,0,1,0.205856032,0.12996948,0.25,0,0,0,1,0.231897007,0.125862072,0,1,1,0,0,2019,Middle,?ódzkie
128,1,1,1,1,1,1,1,1,1,1,1,1,1,1,1,1,1,1,2014,Middle,?ódzkie
129,0,0,1,1,0.427041106,0.474076651,0.5,0,0,1,1,0.475018866,0.444248003,0,1,0,0,0,2018,Small,podlaskie
130,0,0,1,1,0.427041106,0.474076651,0.5,0,0,1,1,0.475018866,0.444248003,0,1,1,0,0,2015,Sci,kujawsko-pomorskie
131,0,0,1,0,0.221185074,0.344107172,0.25,0,0,1,0,0.243121859,0.318385931,0,0,0,0,1,2025,Small,pomorskie
132,0,0,0,1,0.205856032,0.12996948,0.25,0,0,1,1,0.475018866,0.444248003,0,1,1,0,1,2008,Micro,lubelskie
133,0,0,1,1,0.427041106,0.474076651,0.5,0,0,1,1,0.475018866,0.444248003,1,1,0,0,0,2022,Middle,mazowieckie
134,0,0,0,0,0,0,0,1,0,1,0,0.498209493,0.567603106,0,1,1,0,0,2004,Large,ma?opolskie
135,0,0,0,1,0.205856032,0.12996948,0.25,0,0,0,1,0.231897007,0.125862072,0,1,1,1,0,2018,Micro,mazowieckie
136,0,0,0,0,0,0,0,0,0,0,0,0,0,0,1,0,0,0,2021,Sci,lubuskie
137,1,1,1,1,1,1,1,1,1,1,1,1,1,1,1,0,1,0,2022,Micro,?l?skie
138,0,0,1,0,0.221185074,0.344107172,0.25,0,1,1,1,0.744912366,0.750782825,0,0,0,0,1,2023,Micro,mazowieckie
139,0,0,1,1,0.427041106,0.474076651,0.5,0,0,1,1,0.475018866,0.444248003,1,1,0,1,0,2023,Middle,zachodniopomorskie
140,0,0,0,0,0,0,0,0,0,0,0,0,0,0,0,0,0,0,2016,Micro,wielkopolskie
141,1,0,1,1,0.711423288,0.723252654,0.75,1,1,1,1,1,1,0,1,1,0,1,2016,Middle,?ódzkie
142,0,0,1,1,0.427041106,0.474076651,0.5,0,0,1,1,0.475018866,0.444248003,0,1,0,1,0,2016,Middle,podkarpackie
143,1,1,1,1,1,1,1,1,1,1,1,1,1,1,1,1,1,1,2003,Large,wielkopolskie
144,0,0,0,0,0,0,0,0,0,0,0,0,0,0,0,0,0,1,2022,Micro,podlaskie
145,0,0,0,0,0,0,0,0,0,0,0,0,0,0,1,0,0,0,2012,Sci,wielkopolskie
146,0,0,1,1,0.427041106,0.474076651,0.5,1,0,1,1,0.7301065,0.693465178,0,1,0,0,0,2012,Micro,lubuskie
147,0,0,1,1,0.427041106,0.474076651,0.5,0,1,1,1,0.744912366,0.750782825,0,1,1,0,0,2023,Micro,mazowieckie
148,0,0,0,1,0.205856032,0.12996948,0.25,0,0,0,1,0.231897007,0.125862072,0,0,0,0,0,2024,Small,podlaskie
149,0,0,0,0,0,0,0,1,1,1,1,1,1,0,1,0,0,0,2025,Micro,zachodniopomorskie
150,1,1,1,1,1,1,1,1,1,1,1,1,1,1,1,0,1,1,,Middle,mazowieckie
151,0,0,1,1,0.427041106,0.474076651,0.5,0,0,1,1,0.475018866,0.444248003,1,1,0,0,0,2024,Micro,kujawsko-pomorskie
152,0,1,0,1,0.494432744,0.406716826,0.5,0,1,0,1,0.501790507,0.432396894,0,1,1,1,0,,Small,pomorskie
153,0,0,0,0,0,0,0,0,0,0,1,0.231897007,0.125862072,1,1,1,0,0,2022,Micro,pomorskie
154,1,1,1,1,1,1,1,1,0,0,1,0.486984641,0.375079247,0,1,1,0,1,2003,Large,podkarpackie
155,0,0,0,1,0.205856032,0.12996948,0.25,0,0,1,1,0.475018866,0.444248003,0,1,0,0,0,2019,Large,ma?opolskie
156,0,0,1,0,0.221185074,0.344107172,0.25,1,1,1,1,1,1,1,1,1,1,0,2020,Micro,mazowieckie
157,0,0,0,0,0,0,0,0,0,0,0,0,0,0,0,0,0,1,2019,Small,lubelskie
158,0,0,0,0,0,0,0,0,0,0,0,0,0,0,1,0,0,0,2023,Small,mazowieckie
159,0,0,0,1,0.205856032,0.12996948,0.25,0,0,1,1,0.475018866,0.444248003,0,1,0,0,0,,LocGov,pomorskie
160,0,0,1,0,0.221185074,0.344107172,0.25,1,1,1,1,1,1,0,1,1,1,1,2017,Small,pomorskie
161,0,1,1,1,0.715617818,0.750823998,0.75,0,1,1,1,0.744912366,0.750782825,0,1,0,0,1,2015,Large,ma?opolskie
162,1,1,1,1,1,1,1,1,1,1,1,1,1,0,1,0,0,1,2006,Small,?l?skie
163,1,0,1,1,0.711423288,0.723252654,0.75,1,0,1,1,0.7301065,0.693465178,1,1,0,0,1,2023,Micro,zachodniopomorskie
164,0,0,1,0,0.221185074,0.344107172,0.25,0,0,0,1,0.231897007,0.125862072,0,1,0,0,0,2020,Middle,zachodniopomorskie
165,0,0,0,0,0,0,0,0,0,0,1,0.231897007,0.125862072,0,0,0,1,0,2024,Small,pomorskie
166,0,0,1,0,0.221185074,0.344107172,0.25,1,0,1,1,0.7301065,0.693465178,0,1,1,0,1,2023,Micro,mazowieckie
167,0,0,1,1,0.427041106,0.474076651,0.5,0,0,1,1,0.475018866,0.444248003,0,1,0,0,0,2022,Large,?ódzkie
168,0,0,1,1,0.427041106,0.474076651,0.5,0,1,1,1,0.744912366,0.750782825,0,1,0,0,0,2021,Micro,zachodniopomorskie
169,0,0,1,1,0.427041106,0.474076651,0.5,1,0,1,1,0.7301065,0.693465178,0,1,0,0,0,2021,Small,mazowieckie
170,0,0,1,1,0.427041106,0.474076651,0.5,0,0,1,1,0.475018866,0.444248003,0,0,0,0,0,2024,Micro,warmi?sko-mazurskie
171,0,0,0,1,0.205856032,0.12996948,0.25,0,0,1,1,0.475018866,0.444248003,0,1,0,0,1,2022,BusEnv,mazowieckie
172,0,0,0,0,0,0,0,0,0,0,0,0,0,0,1,0,0,0,2023,Middle,podlaskie
173,0,0,0,0,0,0,0,0,0,0,0,0,0,0,1,0,0,0,2020,Micro,podlaskie
174,0,1,0,0,0.288576712,0.276747346,0.25,1,1,1,1,1,1,0,1,1,1,1,2025,Large,?l?skie
175,0,0,1,1,0.427041106,0.474076651,0.5,0,0,1,1,0.475018866,0.444248003,0,1,0,0,0,2020,Micro,mazowieckie
176,0,1,1,1,0.715617818,0.750823998,0.75,0,0,1,1,0.475018866,0.444248003,0,1,0,1,0,2019,Large,podlaskie
177,0,0,1,1,0.427041106,0.474076651,0.5,1,1,1,1,1,1,0,0,0,1,0,2024,Micro,lubelskie
178,0,0,1,1,0.427041106,0.474076651,0.5,0,0,1,1,0.475018866,0.444248003,0,1,0,0,0,2011,Large,mazowieckie
179,0,0,1,1,0.427041106,0.474076651,0.5,0,0,1,1,0.475018866,0.444248003,0,1,0,0,0,2017,Micro,ma?opolskie
180,0,0,0,0,0,0,0,0,0,0,0,0,0,0,0,0,0,0,2024,Small,podkarpackie
181,0,0,1,0,0.221185074,0.344107172,0.25,0,0,0,1,0.231897007,0.125862072,0,1,0,0,0,2019,Large,wielkopolskie
182,0,0,1,1,0.427041106,0.474076651,0.5,0,0,1,1,0.475018866,0.444248003,1,1,0,0,1,2021,Micro,wielkopolskie
183,1,0,0,1,0.490238214,0.379145482,0.5,1,1,1,0,0.768102993,0.874137928,0,1,0,0,0,2017,Small,?l?skie
184,1,0,1,1,0.711423288,0.723252654,0.75,1,1,1,1,1,1,1,1,0,1,1,2023,Micro,?l?skie
185,0,0,1,1,0.427041106,0.474076651,0.5,1,1,1,1,1,1,1,1,1,1,1,2023,Small,mazowieckie
186,0,0,1,1,0.427041106,0.474076651,0.5,0,0,1,1,0.475018866,0.444248003,0,1,0,0,0,2022,Other,dolno?l?skie
187,0,0,1,0,0.221185074,0.344107172,0.25,1,1,1,1,1,1,1,1,1,0,1,2022,Small,podkarpackie
188,0,0,1,1,0.427041106,0.474076651,0.5,0,0,1,1,0.475018866,0.444248003,0,0,0,0,0,2018,Large,podkarpackie
189,0,0,0,0,0,0,0,0,0,0,0,0,0,1,1,0,0,0,2018,Small,?l?skie
190,0,0,0,0,0,0,0,0,0,0,0,0,0,1,1,0,0,0,2015,Large,mazowieckie
191,0,0,0,1,0.205856032,0.12996948,0.25,0,0,0,0,0,0,0,0,0,1,0,2024,Middle,ma?opolskie
192,1,1,1,1,1,1,1,1,1,1,1,1,1,1,1,1,0,1,2024,Small,mazowieckie
193,0,0,0,0,0,0,0,0,0,0,1,0.231897007,0.125862072,1,0,0,0,0,2020,Micro,ma?opolskie
194,0,0,1,1,0.427041106,0.474076651,0.5,1,1,1,1,1,1,0,1,0,0,1,2008,Large,lubuskie
195,0,0,1,0,0.221185074,0.344107172,0.25,0,1,1,1,0.744912366,0.750782825,1,1,0,1,0,2023,Micro,wielkopolskie
196,1,1,1,1,1,1,1,1,0,1,1,0.7301065,0.693465178,1,1,1,0,1,2023,Small,mazowieckie
197,0,0,0,1,0.205856032,0.12996948,0.25,0,0,0,1,0.231897007,0.125862072,0,1,0,0,0,2020,Small,wielkopolskie
198,0,0,1,1,0.427041106,0.474076651,0.5,0,0,1,1,0.475018866,0.444248003,0,1,0,0,0,2023,Large,?wi?tokrzyskie
199,0,0,0,1,0.205856032,0.12996948,0.25,0,0,0,1,0.231897007,0.125862072,0,1,0,0,0,2012,Small,wielkopolskie
200,1,1,1,1,1,1,1,1,1,1,1,1,1,1,1,1,1,1,2014,LocGov,dolno?l?skie
201,1,1,1,1,1,1,1,1,1,1,1,1,1,0,1,0,0,0,2021,Micro,mazowieckie
202,1,1,1,1,1,1,1,1,1,1,1,1,1,0,1,1,1,1,2015,Middle,podkarpackie
203,1,0,1,1,0.711423288,0.723252654,0.75,1,0,1,1,0.7301065,0.693465178,0,1,0,0,0,2017,Large,?ódzkie
204,1,1,1,1,1,1,1,1,1,1,1,1,1,1,1,1,1,0,2016,Large,mazowieckie
205,0,0,0,0,0,0,0,0,0,0,0,0,0,0,0,0,0,0,2022,Small,mazowieckie
206,0,0,1,1,0.427041106,0.474076651,0.5,0,0,1,1,0.475018866,0.444248003,0,1,0,0,0,2024,Small,?ódzkie
207,0,1,1,1,0.715617818,0.750823998,0.75,0,1,1,1,0.744912366,0.750782825,1,1,1,0,1,2022,Small,mazowieckie
208,0,0,1,1,0.427041106,0.474076651,0.5,1,1,1,1,1,1,1,1,1,1,1,2022,Micro,?l?skie
209,1,1,1,1,1,1,1,1,1,1,1,1,1,1,1,1,1,1,2003,Large,podkarpackie
210,0,0,0,1,0.205856032,0.12996948,0.25,0,0,1,1,0.475018866,0.444248003,0,0,0,0,0,,Small,ma?opolskie
211,0,0,0,0,0,0,0,0,0,0,0,0,0,0,1,0,1,0,,Small,ma?opolskie
212,1,1,1,1,1,1,1,1,1,1,1,1,1,1,1,1,1,1,,Small,kujawsko-pomorskie
213,0,0,1,1,0.427041106,0.474076651,0.5,0,0,1,1,0.475018866,0.444248003,0,1,0,0,0,2022,Micro,pomorskie
214,0,0,1,1,0.427041106,0.474076651,0.5,0,0,1,1,0.475018866,0.444248003,0,1,0,1,0,2015,Micro,podlaskie
215,0,0,1,0,0.221185074,0.344107172,0.25,0,0,1,1,0.475018866,0.444248003,1,1,0,0,1,2024,Small,podlaskie
216,0,0,0,0,0,0,0,0,0,0,1,0.231897007,0.125862072,0,1,1,1,0,2012,Middle,kujawsko-pomorskie
217,0,0,1,1,0.427041106,0.474076651,0.5,0,0,1,1,0.475018866,0.444248003,0,1,0,1,0,2020,Middle,podlaskie
218,0,0,1,1,0.427041106,0.474076651,0.5,0,0,1,1,0.475018866,0.444248003,0,1,0,0,1,2020,Micro,zachodniopomorskie
219,0,0,1,1,0.427041106,0.474076651,0.5,0,0,0,1,0.231897007,0.125862072,0,1,0,0,0,2017,Middle,?l?skie
220,0,0,1,1,0.427041106,0.474076651,0.5,0,0,1,1,0.475018866,0.444248003,0,1,0,0,0,2023,Small,?l?skie
221,0,0,1,0,0.221185074,0.344107172,0.25,0,0,1,0,0.243121859,0.318385931,0,1,0,0,1,2025,Micro,?l?skie
222,0,0,1,1,0.427041106,0.474076651,0.5,0,1,1,1,0.744912366,0.750782825,0,1,0,0,0,2022,Micro,mazowieckie
223,0,0,1,1,0.427041106,0.474076651,0.5,1,1,1,1,1,1,1,1,1,1,1,2023,Micro,mazowieckie
224,0,0,0,0,0,0,0,0,0,0,0,0,0,0,1,0,0,0,2006,Micro,lubuskie
225,0,0,1,1,0.427041106,0.474076651,0.5,0,1,1,1,0.744912366,0.750782825,0,1,1,1,1,2024,Small,wielkopolskie
226,0,0,0,0,0,0,0,0,0,0,1,0.231897007,0.125862072,0,0,1,0,0,2024,Large,ma?opolskie
227,0,0,0,0,0,0,0,0,0,0,0,0,0,0,0,0,0,0,2009,LocGov,wielkopolskie
228,0,0,1,1,0.427041106,0.474076651,0.5,0,0,1,1,0.475018866,0.444248003,0,1,1,0,0,2022,Micro,?ódzkie
229,0,0,0,1,0.205856032,0.12996948,0.25,0,0,0,1,0.231897007,0.125862072,0,0,0,0,0,2024,Micro,kujawsko-pomorskie
230,1,1,1,1,1,1,1,1,1,1,1,1,1,1,1,1,1,0,2014,Small,podlaskie
231,0,0,1,1,0.427041106,0.474076651,0.5,1,0,0,1,0.486984641,0.375079247,1,1,1,0,1,2020,Small,?l?skie
232,1,0,1,1,0.711423288,0.723252654,0.75,0,1,1,1,0.744912366,0.750782825,1,1,0,1,1,2021,Micro,mazowieckie
233,0,0,1,1,0.427041106,0.474076651,0.5,0,0,1,1,0.475018866,0.444248003,1,1,1,1,0,2015,Micro,mazowieckie
234,0,0,1,1,0.427041106,0.474076651,0.5,0,0,1,1,0.475018866,0.444248003,1,1,1,1,0,2018,Micro,mazowieckie
235,0,0,0,1,0.205856032,0.12996948,0.25,1,0,1,1,0.7301065,0.693465178,0,1,1,0,0,2023,Small,ma?opolskie
236,0,0,1,1,0.427041106,0.474076651,0.5,0,0,1,1,0.475018866,0.444248003,0,1,1,0,1,2019,Small,dolno?l?skie
237,0,0,0,1,0.205856032,0.12996948,0.25,0,0,0,1,0.231897007,0.125862072,0,1,0,0,1,2018,Middle,?ódzkie
238,0,0,1,1,0.427041106,0.474076651,0.5,1,1,1,1,1,1,0,1,1,0,1,2020,Micro,dolno?l?skie
239,1,1,1,1,1,1,1,1,1,1,1,1,1,0,1,1,1,0,2020,Large,?l?skie
240,0,0,0,0,0,0,0,0,0,0,0,0,0,0,1,0,0,0,2022,Middle,?l?skie
241,0,0,0,0,0,0,0,0,0,0,0,0,0,0,1,0,0,0,2011,LocGov,zachodniopomorskie
242,0,0,1,1,0.427041106,0.474076651,0.5,0,0,1,1,0.475018866,0.444248003,0,1,0,0,0,2022,Micro,dolno?l?skie
243,0,0,1,1,0.427041106,0.474076651,0.5,0,0,1,0,0.243121859,0.318385931,0,1,1,0,1,2012,Middle,?l?skie
244,0,0,0,0,0,0,0,0,0,0,0,0,0,0,0,0,0,0,2015,Other,pomorskie
245,0,1,1,1,0.715617818,0.750823998,0.75,1,1,1,1,1,1,0,1,1,0,1,2017,Micro,?ódzkie
246,1,1,1,1,1,1,1,1,1,1,1,1,1,0,1,1,1,1,2021,Micro,podlaskie
247,1,0,1,1,0.711423288,0.723252654,0.75,1,0,1,1,0.7301065,0.693465178,0,1,0,1,0,2020,Middle,?l?skie
248,1,1,0,0,0.572958894,0.525923349,0.5,1,0,1,0,0.498209493,0.567603106,1,1,1,0,1,2020,Small,wielkopolskie
249,0,0,0,1,0.205856032,0.12996948,0.25,0,0,0,1,0.231897007,0.125862072,0,0,0,0,0,2024,Micro,podlaskie
250,0,0,1,1,0.427041106,0.474076651,0.5,1,1,1,1,1,1,0,1,1,1,0,2012,Micro,dolno?l?skie
251,0,0,1,1,0.427041106,0.474076651,0.5,0,0,1,1,0.475018866,0.444248003,0,1,0,0,0,2024,Small,podlaskie
252,1,1,1,1,1,1,1,1,1,1,1,1,1,0,1,0,1,0,2019,Middle,?l?skie
253,0,0,1,1,0.427041106,0.474076651,0.5,1,1,1,1,1,1,0,1,1,0,0,2021,Small,dolno?l?skie
254,0,0,0,1,0.205856032,0.12996948,0.25,1,1,1,1,1,1,0,1,0,0,0,2006,Small,kujawsko-pomorskie
255,1,1,1,1,1,1,1,1,1,1,1,1,1,0,1,1,1,1,2021,Micro,mazowieckie
256,0,1,1,1,0.715617818,0.750823998,0.75,0,1,1,1,0.744912366,0.750782825,1,1,0,1,0,2025,None,dolno?l?skie
257,1,1,1,1,1,1,1,1,0,0,0,0.255087634,0.249217175,0,1,1,1,0,2021,Micro,wielkopolskie
258,0,0,0,0,0,0,0,0,0,1,1,0.475018866,0.444248003,0,1,0,0,0,2016,BusEnv,ma?opolskie
259,0,0,0,0,0,0,0,0,0,0,0,0,0,0,1,0,0,0,2019,Small,lubelskie
260,0,1,1,1,0.715617818,0.750823998,0.75,0,0,0,0,0,0,0,0,0,0,0,2015,Large,wielkopolskie
261,0,0,0,0,0,0,0,0,0,0,0,0,0,0,1,0,0,0,2025,Small,?l?skie
262,0,0,0,0,0,0,0,0,0,0,0,0,0,0,0,1,0,0,2025,Micro,mazowieckie
263,1,1,1,1,1,1,1,0,0,1,1,0.475018866,0.444248003,0,1,1,1,1,2020,Micro,mazowieckie
264,0,0,1,1,0.427041106,0.474076651,0.5,0,0,1,1,0.475018866,0.444248003,0,1,0,0,0,2020,Small,zachodniopomorskie
265,1,1,1,1,1,1,1,1,1,1,1,1,1,0,1,1,1,1,2017,Middle,podkarpackie
266,0,0,0,1,0.205856032,0.12996948,0.25,0,0,0,1,0.231897007,0.125862072,0,0,1,0,0,2014,Sci,pomorskie
267,1,0,0,1,0.490238214,0.379145482,0.5,0,0,0,1,0.231897007,0.125862072,0,1,0,0,0,2015,Small,podlaskie
268,1,1,1,1,1,1,1,0,0,0,0,0,0,0,1,1,0,0,,Micro,mazowieckie
269,0,0,1,1,0.427041106,0.474076651,0.5,0,0,1,1,0.475018866,0.444248003,0,1,0,0,0,2018,Small,pomorskie
270,1,1,1,0,0.794143968,0.87003052,0.75,1,1,1,1,1,1,0,1,1,1,0,2018,Micro,mazowieckie
271,0,0,1,0,0.221185074,0.344107172,0.25,1,0,1,1,0.7301065,0.693465178,0,1,1,0,1,2017,Middle,podlaskie
272,0,0,0,0,0,0,0,0,0,1,0,0.243121859,0.318385931,0,1,0,1,0,2021,BusEnv,podkarpackie
273,0,0,0,0,0,0,0,0,0,0,0,0,0,0,1,0,0,0,2023,Micro,lubelskie
274,0,1,1,1,0.715617818,0.750823998,0.75,0,1,1,1,0.744912366,0.750782825,1,1,1,0,1,2007,Large,?l?skie
275,0,0,1,1,0.427041106,0.474076651,0.5,0,0,1,1,0.475018866,0.444248003,0,1,0,1,0,2020,Sci,lubelskie
276,1,1,1,1,1,1,1,0,0,1,1,0.475018866,0.444248003,0,1,0,1,1,2012,Micro,dolno?l?skie
277,0,0,1,1,0.427041106,0.474076651,0.5,0,0,1,1,0.475018866,0.444248003,0,1,0,0,0,2022,Small,mazowieckie
278,0,0,1,1,0.427041106,0.474076651,0.5,0,0,1,1,0.475018866,0.444248003,1,1,0,0,0,2016,Middle,?l?skie
279,0,0,0,0,0,0,0,0,0,0,0,0,0,0,0,0,0,0,2019,Sci,ma?opolskie
280,0,0,1,1,0.427041106,0.474076651,0.5,0,0,1,1,0.475018866,0.444248003,0,1,0,0,0,2022,Middle,?wi?tokrzyskie
281,0,0,1,1,0.427041106,0.474076651,0.5,0,0,1,1,0.475018866,0.444248003,0,0,1,0,0,2021,BusEnv,mazowieckie
282,0,0,1,1,0.427041106,0.474076651,0.5,0,0,0,1,0.231897007,0.125862072,1,1,0,0,0,2006,Large,kujawsko-pomorskie
283,0,0,0,1,0.205856032,0.12996948,0.25,0,0,0,1,0.231897007,0.125862072,0,0,0,0,0,2016,Micro,pomorskie
284,0,0,1,1,0.427041106,0.474076651,0.5,1,1,1,1,1,1,0,0,1,1,0,2020,Small,podlaskie
285,1,1,1,1,1,1,1,1,1,1,1,1,1,1,1,1,0,1,2015,Micro,podlaskie
286,1,1,1,1,1,1,1,1,1,1,1,1,1,1,1,1,1,0,2019,Micro,ma?opolskie
287,0,1,1,1,0.715617818,0.750823998,0.75,0,1,1,1,0.744912366,0.750782825,1,1,1,0,1,,LocGov,dolno?l?skie
288,0,1,1,1,0.715617818,0.750823998,0.75,0,1,1,1,0.744912366,0.750782825,1,1,0,1,1,2013,Small,kujawsko-pomorskie
289,1,0,0,1,0.490238214,0.379145482,0.5,0,0,0,1,0.231897007,0.125862072,1,1,1,1,0,2013,Middle,podkarpackie
290,0,0,1,1,0.427041106,0.474076651,0.5,0,1,1,1,0.744912366,0.750782825,1,1,1,1,0,2016,Micro,ma?opolskie
291,0,0,0,1,0.205856032,0.12996948,0.25,0,0,1,0,0.243121859,0.318385931,0,1,0,0,0,2014,Middle,?ódzkie
292,1,0,1,1,0.711423288,0.723252654,0.75,1,1,1,1,1,1,1,1,1,1,1,2019,Small,dolno?l?skie
293,0,0,0,0,0,0,0,0,0,1,1,0.475018866,0.444248003,1,1,0,0,NA,2022,Small,mazowieckie
294,0,0,0,0,0,0,0,0,0,0,1,0.231897007,0.125862072,0,0,0,0,0,2024,Micro,pomorskie
295,0,0,0,1,0.205856032,0.12996948,0.25,0,0,1,1,0.475018866,0.444248003,0,0,0,0,0,,Other,pomorskie
296,0,0,1,1,0.427041106,0.474076651,0.5,0,0,0,1,0.231897007,0.125862072,0,1,1,0,1,2023,Large,?ódzkie
297,1,0,1,1,0.711423288,0.723252654,0.75,1,1,1,1,1,1,0,1,0,0,0,2016,Micro,lubelskie
298,0,0,0,1,0.205856032,0.12996948,0.25,0,0,0,1,0.231897007,0.125862072,0,1,0,0,0,2019,Small,podkarpackie
299,0,0,0,1,0.205856032,0.12996948,0.25,0,0,0,1,0.231897007,0.125862072,0,0,0,0,0,2025,Large,wielkopolskie
300,1,0,1,1,0.711423288,0.723252654,0.75,0,0,1,1,0.475018866,0.444248003,0,1,0,0,0,2015,Middle,wielkopolskie
301,0,0,1,1,0.427041106,0.474076651,0.5,0,0,1,1,0.475018866,0.444248003,0,1,0,0,0,2020,Large,ma?opolskie
302,0,0,1,1,0.427041106,0.474076651,0.5,1,1,1,1,1,1,0,1,1,1,1,2023,Micro,?ódzkie
303,0,0,0,0,0,0,0,0,0,0,0,0,0,0,1,0,0,0,2018,Middle,?ódzkie
304,1,1,1,1,1,1,1,0,0,1,0,0.243121859,0.318385931,0,1,0,0,0,2024,Large,?l?skie
305,1,1,1,1,1,1,1,1,1,1,1,1,1,1,1,0,1,0,2014,Sci,?l?skie
306,0,0,1,1,0.427041106,0.474076651,0.5,0,0,1,1,0.475018866,0.444248003,0,0,0,0,0,2015,Large,lubelskie
307,0,0,0,0,0,0,0,0,0,0,0,0,0,0,0,0,0,0,,Micro,podlaskie
308,0,0,0,0,0,0,0,0,0,1,1,0.475018866,0.444248003,0,1,0,0,0,,Micro,pomorskie
309,0,0,0,0,0,0,0,0,0,0,0,0,0,1,1,0,0,0,2019,Micro,ma?opolskie
310,0,0,1,1,0.427041106,0.474076651,0.5,1,1,1,1,1,1,1,1,0,1,1,2019,Micro,mazowieckie
311,0,0,0,0,0,0,0,0,0,0,0,0,0,0,1,1,1,0,2023,Small,lubuskie
312,1,1,1,1,1,1,1,1,1,1,1,1,1,1,1,1,0,1,2020,Micro,mazowieckie
313,0,0,0,1,0.205856032,0.12996948,0.25,0,0,0,1,0.231897007,0.125862072,0,0,0,0,0,2022,Micro,mazowieckie
314,0,0,1,1,0.427041106,0.474076651,0.5,0,0,1,1,0.475018866,0.444248003,0,1,0,1,1,2021,Large,?ódzkie
315,1,1,1,1,1,1,1,0,1,1,1,0.744912366,0.750782825,0,1,0,0,1,2017,Small,podkarpackie
316,0,0,1,0,0.221185074,0.344107172,0.25,1,0,1,1,0.7301065,0.693465178,1,1,0,0,1,2024,Middle,podlaskie
317,1,0,1,1,0.711423288,0.723252654,0.75,0,1,1,1,0.744912366,0.750782825,0,1,1,0,1,2013,Small,podkarpackie
318,0,0,1,1,0.427041106,0.474076651,0.5,0,0,1,1,0.475018866,0.444248003,0,1,0,0,0,2022,Micro,mazowieckie
319,0,0,0,0,0,0,0,0,0,1,0,0.243121859,0.318385931,0,1,0,0,0,2020,Small,mazowieckie
320,1,1,1,1,1,1,1,1,1,1,1,1,1,1,1,1,1,1,2010,Middle,dolno?l?skie
321,1,1,1,1,1,1,1,0,1,1,1,0.744912366,0.750782825,1,1,1,1,1,,Large,
322,0,1,1,1,0.715617818,0.750823998,0.75,1,1,1,1,1,1,1,1,0,1,0,2017,Micro,ma?opolskie
323,0,0,0,0,0,0,0,0,0,0,0,0,0,0,0,0,0,0,2025,Sci,?l?skie
324,0,0,1,1,0.427041106,0.474076651,0.5,1,1,1,1,1,1,1,1,1,0,0,2019,Micro,mazowieckie
325,1,1,1,1,1,1,1,0,0,1,1,0.475018866,0.444248003,0,1,0,1,1,2025,Small,wielkopolskie
326,0,0,1,1,0.427041106,0.474076651,0.5,1,1,1,1,1,1,1,1,1,1,0,2007,Large,podlaskie
327,0,0,0,0,0,0,0,0,0,0,0,0,0,0,0,0,0,0,,Micro,wielkopolskie
328,0,0,0,1,0.205856032,0.12996948,0.25,0,1,1,1,0.744912366,0.750782825,0,1,0,0,1,2023,Micro,wielkopolskie
329,0,0,0,1,0.205856032,0.12996948,0.25,1,0,0,1,0.486984641,0.375079247,0,0,1,0,0,2023,Small,ma?opolskie
330,0,0,1,0,0.221185074,0.344107172,0.25,1,0,1,1,0.7301065,0.693465178,0,1,0,1,1,2023,Micro,mazowieckie
331,0,0,1,1,0.427041106,0.474076651,0.5,1,1,1,1,1,1,0,1,0,0,1,2015,Large,podlaskie
332,0,0,0,0,0,0,0,0,0,0,0,0,0,0,0,0,0,0,2013,Middle,?l?skie
333,0,0,0,0,0,0,0,0,0,0,1,0.231897007,0.125862072,0,1,0,0,0,2022,Large,dolno?l?skie
334,0,0,1,1,0.427041106,0.474076651,0.5,0,0,1,1,0.475018866,0.444248003,0,1,0,0,0,2017,Small,?wi?tokrzyskie
335,0,0,0,0,0,0,0,0,0,0,0,0,0,0,1,0,0,0,2024,Micro,pomorskie
336,0,0,1,1,0.427041106,0.474076651,0.5,0,0,1,1,0.475018866,0.444248003,0,1,1,0,0,2025,Middle,?ódzkie
337,0,0,0,1,0.205856032,0.12996948,0.25,0,0,0,1,0.231897007,0.125862072,0,0,0,0,0,2009,Middle,pomorskie
338,0,0,1,0,0.221185074,0.344107172,0.25,1,1,1,1,1,1,1,1,1,1,1,,Middle,
339,0,0,1,1,0.427041106,0.474076651,0.5,1,1,1,1,1,1,1,1,1,0,1,2019,Micro,mazowieckie
340,1,1,1,1,1,1,1,1,1,1,1,1,1,1,1,1,1,1,,Micro,ma?opolskie
341,0,0,1,1,0.427041106,0.474076651,0.5,1,1,1,1,1,1,1,1,1,1,1,2019,Micro,dolno?l?skie
342,0,1,1,1,0.715617818,0.750823998,0.75,1,0,1,1,0.7301065,0.693465178,1,1,0,1,0,2024,Small,lubelskie
343,0,0,0,1,0.205856032,0.12996948,0.25,0,1,1,1,0.744912366,0.750782825,0,1,1,1,0,2015,Micro,pomorskie
344,0,0,0,0,0,0,0,0,0,0,1,0.231897007,0.125862072,0,0,0,0,0,,Sci,pomorskie
345,0,0,0,0,0,0,0,0,1,1,1,0.744912366,0.750782825,0,1,0,1,0,2009,Middle,podkarpackie
346,0,0,1,1,0.427041106,0.474076651,0.5,0,0,1,1,0.475018866,0.444248003,0,1,1,0,1,2013,Middle,mazowieckie
347,0,0,0,0,0,0,0,0,0,0,1,0.231897007,0.125862072,0,1,0,0,0,2020,Micro,lubelskie
348,0,0,0,0,0,0,0,0,0,0,1,0.231897007,0.125862072,0,0,0,0,0,2019,Micro,pomorskie
349,0,0,0,0,0,0,0,0,0,0,0,0,0,0,1,0,0,0,2025,Micro,ma?opolskie
350,0,0,1,1,0.427041106,0.474076651,0.5,0,0,1,1,0.475018866,0.444248003,0,1,1,0,0,2022,Micro,warmi?sko-mazurskie
351,0,0,0,1,0.205856032,0.12996948,0.25,0,0,0,1,0.231897007,0.125862072,0,0,0,0,0,2023,Small,ma?opolskie
352,1,0,1,1,0.711423288,0.723252654,0.75,1,1,1,1,1,1,0,1,1,0,1,2016,Micro,pomorskie
353,1,0,1,1,0.711423288,0.723252654,0.75,1,1,1,1,1,1,1,1,1,1,1,2017,Small,lubelskie
354,1,1,1,1,1,1,1,1,1,1,1,1,1,1,1,1,0,1,2014,Middle,zachodniopomorskie
355,0,0,1,1,0.427041106,0.474076651,0.5,0,0,0,1,0.231897007,0.125862072,0,1,0,0,0,2012,Middle,kujawsko-pomorskie
356,1,0,1,0,0.505567256,0.593283174,0.5,0,0,1,1,0.475018866,0.444248003,0,0,0,0,0,2011,Middle,wielkopolskie
357,1,1,1,1,1,1,1,1,1,1,1,1,1,0,1,1,1,1,,Micro,ma?opolskie
358,0,1,1,1,0.715617818,0.750823998,0.75,0,1,1,1,0.744912366,0.750782825,0,1,1,0,0,2012,Sci,ma?opolskie
359,0,0,0,1,0.205856032,0.12996948,0.25,0,0,0,1,0.231897007,0.125862072,0,0,0,0,0,2018,Small,?ódzkie
360,0,0,1,1,0.427041106,0.474076651,0.5,0,0,1,1,0.475018866,0.444248003,0,1,0,0,0,2018,Micro,mazowieckie
361,0,0,0,0,0,0,0,0,0,0,0,0,0,0,1,0,0,0,2010,Micro,podkarpackie
362,0,0,0,1,0.205856032,0.12996948,0.25,0,0,0,1,0.231897007,0.125862072,0,0,0,0,0,2018,Micro,pomorskie
363,0,0,0,0,0,0,0,0,0,0,0,0,0,0,0,0,0,0,2023,Small,?ódzkie
364,1,1,1,1,1,1,1,1,0,0,0,0.255087634,0.249217175,1,1,1,1,0,2020,Micro,wielkopolskie
365,1,1,1,1,1,1,1,0,1,0,1,0.501790507,0.432396894,0,1,1,0,1,2021,Small,zachodniopomorskie
366,0,0,1,1,0.427041106,0.474076651,0.5,1,0,1,1,0.7301065,0.693465178,1,0,0,1,0,2023,Small,lubelskie
367,0,0,1,1,0.427041106,0.474076651,0.5,0,0,1,1,0.475018866,0.444248003,0,1,0,0,0,2019,Small,mazowieckie
368,0,0,1,1,0.427041106,0.474076651,0.5,1,1,1,1,1,1,0,1,0,0,1,2020,Small,dolno?l?skie
369,0,0,0,1,0.205856032,0.12996948,0.25,0,0,1,1,0.475018866,0.444248003,0,0,0,0,0,2022,Middle,?l?skie
370,0,1,1,1,0.715617818,0.750823998,0.75,0,0,0,0,0,0,0,1,0,0,0,2012,Small,podlaskie
371,0,0,1,0,0.221185074,0.344107172,0.25,0,0,1,1,0.475018866,0.444248003,1,1,1,0,1,2007,Sci,?l?skie
372,0,0,1,1,0.427041106,0.474076651,0.5,0,0,1,1,0.475018866,0.444248003,0,0,0,0,0,,Sci,mazowieckie
373,0,0,0,0,0,0,0,0,0,0,1,0.231897007,0.125862072,0,0,0,0,0,2025,Micro,mazowieckie
374,0,0,0,1,0.205856032,0.12996948,0.25,0,0,0,1,0.231897007,0.125862072,0,0,0,0,0,2012,Micro,podlaskie
375,0,0,0,0,0,0,0,0,0,0,0,0,0,0,0,0,1,0,2018,Small,pomorskie
376,1,0,1,1,0.711423288,0.723252654,0.75,1,0,1,1,0.7301065,0.693465178,0,1,0,0,0,,Micro,?l?skie
377,0,0,1,1,0.427041106,0.474076651,0.5,0,0,1,1,0.475018866,0.444248003,1,1,0,0,1,2020,Small,warmi?sko-mazurskie
378,0,0,1,1,0.427041106,0.474076651,0.5,0,0,1,1,0.475018866,0.444248003,0,1,0,0,0,2012,Micro,mazowieckie
379,1,1,1,1,1,1,1,1,0,1,1,0.7301065,0.693465178,0,1,1,1,1,2024,Micro,ma?opolskie
380,0,0,0,1,0.205856032,0.12996948,0.25,0,0,0,1,0.231897007,0.125862072,0,0,0,0,0,2024,Middle,lubuskie
381,0,0,1,1,0.427041106,0.474076651,0.5,0,0,0,1,0.231897007,0.125862072,0,1,0,0,0,2022,Small,lubuskie
382,0,0,0,0,0,0,0,0,0,0,0,0,0,1,1,0,1,0,2006,Small,dolno?l?skie
383,0,0,0,1,0.205856032,0.12996948,0.25,0,0,0,0,0,0,1,1,0,0,0,2010,BusEnv,kujawsko-pomorskie
384,1,1,1,1,1,1,1,1,1,1,1,1,1,1,1,1,1,1,2008,Middle,podkarpackie
385,0,0,1,1,0.427041106,0.474076651,0.5,0,0,1,1,0.475018866,0.444248003,0,1,1,0,0,2012,Small,mazowieckie
386,0,0,0,0,0,0,0,0,0,0,1,0.231897007,0.125862072,1,0,1,1,0,2023,Micro,dolno?l?skie
387,0,0,1,1,0.427041106,0.474076651,0.5,0,1,1,1,0.744912366,0.750782825,1,1,0,1,1,2019,Micro,?l?skie
388,0,0,0,0,0,0,0,0,0,0,0,0,0,0,0,0,0,0,2025,Large,wielkopolskie
389,0,0,1,1,0.427041106,0.474076651,0.5,0,1,1,1,0.744912366,0.750782825,1,1,1,0,1,2019,Micro,mazowieckie
390,1,1,1,1,1,1,1,1,1,1,1,1,1,0,1,1,1,1,2022,Micro,dolno?l?skie
391,0,0,0,0,0,0,0,0,0,0,0,0,0,0,0,0,0,0,2025,Micro,mazowieckie
392,0,0,1,1,0.427041106,0.474076651,0.5,0,0,1,1,0.475018866,0.444248003,1,1,1,0,1,2024,Middle,mazowieckie
393,0,0,0,0,0,0,0,0,0,0,0,0,0,0,1,0,0,0,2022,Micro,mazowieckie
394,0,0,1,1,0.427041106,0.474076651,0.5,0,0,1,1,0.475018866,0.444248003,0,1,0,0,0,2014,Other,podkarpackie
395,0,0,1,1,0.427041106,0.474076651,0.5,0,0,1,0,0.243121859,0.318385931,0,1,0,0,0,,Middle,
396,0,1,1,1,0.715617818,0.750823998,0.75,0,0,1,1,0.475018866,0.444248003,0,1,0,1,1,2019,Large,podlaskie
397,0,0,1,1,0.427041106,0.474076651,0.5,0,1,1,1,0.744912366,0.750782825,1,0,0,0,1,2022,Large,zachodniopomorskie
398,0,0,1,1,0.427041106,0.474076651,0.5,0,0,1,1,0.475018866,0.444248003,0,1,0,0,1,2024,Middle,lubelskie
399,0,1,1,0,0.509761786,0.620854518,0.5,0,0,0,0,0,0,0,1,1,0,0,2016,Other,mazowieckie
400,0,0,1,1,0.427041106,0.474076651,0.5,0,0,1,1,0.475018866,0.444248003,0,0,0,0,0,2021,Micro,warmi?sko-mazurskie
401,0,0,1,0,0.221185074,0.344107172,0.25,0,0,1,0,0.243121859,0.318385931,0,1,0,0,0,2015,Micro,?l?skie
402,0,0,0,0,0,0,0,0,0,0,0,0,0,1,0,0,1,0,2013,Middle,mazowieckie
403,0,0,1,1,0.427041106,0.474076651,0.5,1,0,1,1,0.7301065,0.693465178,1,1,1,1,1,2012,Middle,mazowieckie
404,0,0,0,1,0.205856032,0.12996948,0.25,0,0,0,1,0.231897007,0.125862072,0,1,0,0,0,2019,Small,zachodniopomorskie
405,0,0,0,1,0.205856032,0.12996948,0.25,0,0,0,0,0,0,0,1,0,0,0,2024,Middle,lubuskie
406,0,0,1,1,0.427041106,0.474076651,0.5,0,0,1,1,0.475018866,0.444248003,0,1,0,0,0,2012,Sci,wielkopolskie
407,0,0,1,0,0.221185074,0.344107172,0.25,1,0,1,1,0.7301065,0.693465178,0,1,0,0,0,2018,Large,mazowieckie
408,0,0,0,0,0,0,0,0,0,0,1,0.231897007,0.125862072,0,1,0,0,0,2014,Middle,zachodniopomorskie
409,0,0,1,1,0.427041106,0.474076651,0.5,0,0,1,1,0.475018866,0.444248003,0,1,0,1,0,,Small,mazowieckie
410,0,0,0,0,0,0,0,0,1,0,1,0.501790507,0.432396894,0,1,0,1,0,2023,Sci,mazowieckie
411,0,0,0,1,0.205856032,0.12996948,0.25,0,0,0,1,0.231897007,0.125862072,0,1,0,0,0,2015,Micro,podlaskie
412,0,0,0,0,0,0,0,0,0,0,0,0,0,0,1,0,0,0,2016,Middle,ma?opolskie
413,1,1,1,1,1,1,1,1,1,1,1,1,1,0,1,1,0,0,2016,Micro,lubelskie
414,0,0,1,1,0.427041106,0.474076651,0.5,0,0,1,1,0.475018866,0.444248003,0,1,1,0,0,2018,Micro,mazowieckie
415,0,0,0,0,0,0,0,0,0,0,0,0,0,0,1,0,1,0,2018,Small,lubelskie
416,0,1,0,1,0.494432744,0.406716826,0.5,0,0,0,0,0,0,0,1,0,0,0,2015,Small,?wi?tokrzyskie
417,0,0,0,1,0.205856032,0.12996948,0.25,0,1,1,1,0.744912366,0.750782825,0,1,0,0,0,,Micro,wielkopolskie
418,0,0,1,1,0.427041106,0.474076651,0.5,0,0,1,1,0.475018866,0.444248003,0,1,0,0,0,2019,Micro,mazowieckie
419,0,0,1,1,0.427041106,0.474076651,0.5,0,0,1,1,0.475018866,0.444248003,0,1,0,0,0,,Other,dolno?l?skie
420,0,1,1,0,0.509761786,0.620854518,0.5,0,0,1,1,0.475018866,0.444248003,0,1,0,1,0,2021,Sci,podlaskie
421,0,0,0,0,0,0,0,0,0,0,0,0,0,0,1,0,0,0,2019,Micro,mazowieckie
422,0,0,1,1,0.427041106,0.474076651,0.5,0,0,1,1,0.475018866,0.444248003,0,1,0,0,0,2024,Small,?l?skie
423,0,0,0,1,0.205856032,0.12996948,0.25,0,0,1,1,0.475018866,0.444248003,0,1,0,0,0,2019,Micro,dolno?l?skie
424,0,0,0,1,0.205856032,0.12996948,0.25,0,0,0,1,0.231897007,0.125862072,0,1,0,0,0,2014,Sci,?l?skie
425,0,0,1,1,0.427041106,0.474076651,0.5,0,0,1,1,0.475018866,0.444248003,0,1,1,0,0,2003,Large,lubelskie
426,0,0,1,1,0.427041106,0.474076651,0.5,0,0,0,1,0.231897007,0.125862072,1,1,0,0,1,2024,Small,podkarpackie
427,0,1,1,1,0.715617818,0.750823998,0.75,0,0,1,1,0.475018866,0.444248003,0,1,1,0,1,2013,Middle,zachodniopomorskie
428,0,0,0,0,0,0,0,0,0,0,0,0,0,0,0,0,0,1,2019,Middle,lubuskie
429,1,0,1,1,0.711423288,0.723252654,0.75,1,1,1,0,0.768102993,0.874137928,0,1,1,1,0,2012,Small,pomorskie
430,0,0,0,1,0.205856032,0.12996948,0.25,0,0,1,1,0.475018866,0.444248003,0,1,0,0,0,2021,Micro,pomorskie
431,0,0,0,0,0,0,0,0,0,0,0,0,0,0,1,0,0,0,2023,Micro,mazowieckie
432,0,0,0,1,0.205856032,0.12996948,0.25,0,0,0,1,0.231897007,0.125862072,0,1,0,0,0,2017,Micro,ma?opolskie
433,0,0,0,0,0,0,0,0,0,0,0,0,0,0,0,0,0,0,2018,Micro,lubelskie
434,0,0,0,0,0,0,0,0,0,0,0,0,0,0,1,0,0,0,,Micro,wielkopolskie
435,1,0,1,1,0.711423288,0.723252654,0.75,1,0,1,1,0.7301065,0.693465178,0,1,1,0,0,2021,Large,?ódzkie
436,1,0,0,0,0.284382182,0.249176002,0.25,1,0,0,0,0.255087634,0.249217175,0,0,1,0,0,2016,Middle,zachodniopomorskie
437,1,1,1,1,1,1,1,1,1,1,1,1,1,0,1,1,0,1,2021,Small,dolno?l?skie
438,0,0,0,1,0.205856032,0.12996948,0.25,0,0,1,1,0.475018866,0.444248003,0,1,1,0,0,2019,Micro,kujawsko-pomorskie
439,0,1,1,1,0.715617818,0.750823998,0.75,0,0,1,1,0.475018866,0.444248003,0,1,0,0,0,2015,Micro,mazowieckie
440,0,0,0,1,0.205856032,0.12996948,0.25,0,0,0,1,0.231897007,0.125862072,1,1,0,1,0,2009,Small,lubelskie
441,0,0,0,1,0.205856032,0.12996948,0.25,0,0,0,1,0.231897007,0.125862072,0,1,0,0,0,,Large,mazowieckie
442,1,1,1,1,1,1,1,1,1,1,1,1,1,0,1,1,1,1,2021,Micro,lubelskie
443,0,0,0,0,0,0,0,0,0,0,0,0,0,0,1,0,1,0,2022,Small,ma?opolskie
444,1,1,1,1,1,1,1,1,1,1,1,1,1,0,0,0,0,0,2024,Sci,podkarpackie
445,1,1,1,1,1,1,1,1,1,1,1,1,1,0,1,1,1,1,,Micro,dolno?l?skie
446,0,0,1,1,0.427041106,0.474076651,0.5,0,0,1,1,0.475018866,0.444248003,0,1,0,0,0,,Micro,lubelskie
447,0,0,0,1,0.205856032,0.12996948,0.25,1,1,1,0,0.768102993,0.874137928,0,1,0,0,1,2021,Micro,?ódzkie
448,0,0,0,0,0,0,0,0,0,0,1,0.231897007,0.125862072,0,0,0,0,0,2024,Micro,opolskie
449,0,0,0,0,0,0,0,0,0,0,0,0,0,0,1,0,0,0,2012,Large,ma?opolskie
450,1,1,1,1,1,1,1,1,0,1,1,0.7301065,0.693465178,1,1,0,0,0,2017,Small,podkarpackie
451,0,0,1,0,0.221185074,0.344107172,0.25,0,1,1,1,0.744912366,0.750782825,0,1,0,0,1,2021,BusEnv,mazowieckie
452,0,0,0,0,0,0,0,0,1,1,0,0.513015359,0.624920753,0,1,1,1,0,2019,Micro,ma?opolskie
453,0,0,1,1,0.427041106,0.474076651,0.5,1,1,1,0,0.768102993,0.874137928,0,0,1,1,0,2023,Small,mazowieckie
454,0,0,0,0,0,0,0,0,0,0,0,0,0,0,0,0,0,0,2013,Small,podkarpackie
455,0,0,0,1,0.205856032,0.12996948,0.25,0,0,0,1,0.231897007,0.125862072,0,1,0,0,0,2017,Small,podlaskie
456,0,0,0,0,0,0,0,0,0,0,0,0,0,0,1,0,0,0,2012,Middle,?ódzkie
457,1,1,1,1,1,1,1,1,1,1,1,1,1,1,1,1,1,0,2019,Middle,wielkopolskie
458,0,0,0,1,0.205856032,0.12996948,0.25,1,0,1,1,0.7301065,0.693465178,1,1,1,1,0,2023,Micro,mazowieckie
459,0,0,1,1,0.427041106,0.474076651,0.5,0,0,1,1,0.475018866,0.444248003,0,1,0,0,0,,Micro,podlaskie
460,0,0,0,1,0.205856032,0.12996948,0.25,0,0,1,1,0.475018866,0.444248003,0,1,0,0,0,2019,Other,mazowieckie
461,0,0,0,0,0,0,0,0,0,0,0,0,0,0,0,0,0,0,2020,Small,wielkopolskie
462,0,0,0,0,0,0,0,0,0,0,1,0.231897007,0.125862072,1,1,0,0,1,2021,Small,?l?skie
463,0,0,1,1,0.427041106,0.474076651,0.5,0,1,1,1,0.744912366,0.750782825,0,1,0,0,1,2018,Micro,podlaskie
464,0,0,1,1,0.427041106,0.474076651,0.5,0,1,1,1,0.744912366,0.750782825,0,1,0,1,1,2024,Large,warmi?sko-mazurskie
465,0,0,0,1,0.205856032,0.12996948,0.25,0,0,1,1,0.475018866,0.444248003,0,1,0,0,1,2018,Micro,zachodniopomorskie
466,1,1,0,1,0.778814926,0.655892828,0.75,1,1,0,1,0.756878141,0.681614069,0,1,0,0,1,2015,Sci,podkarpackie
467,0,0,0,1,0.205856032,0.12996948,0.25,0,1,1,1,0.744912366,0.750782825,0,1,0,0,0,2015,Small,mazowieckie
468,1,1,1,1,1,1,1,1,1,1,1,1,1,0,1,0,1,0,2011,Sci,zachodniopomorskie
469,0,0,1,1,0.427041106,0.474076651,0.5,0,0,1,1,0.475018866,0.444248003,0,1,0,0,0,2014,Middle,ma?opolskie
470,0,0,1,1,0.427041106,0.474076651,0.5,0,0,1,1,0.475018866,0.444248003,0,1,1,0,0,2014,Micro,mazowieckie
471,1,0,1,1,0.711423288,0.723252654,0.75,0,1,1,1,0.744912366,0.750782825,1,1,1,1,1,2024,Micro,mazowieckie
472,0,0,0,0,0,0,0,0,0,0,0,0,0,1,1,0,0,0,2019,Micro,pomorskie
473,0,0,0,0,0,0,0,0,0,1,1,0.475018866,0.444248003,1,1,0,0,0,2017,Middle,ma?opolskie
474,1,1,1,1,1,1,1,1,1,1,1,1,1,1,1,1,1,1,2019,Middle,warmi?sko-mazurskie
475,0,1,1,1,0.715617818,0.750823998,0.75,0,0,0,0,0,0,0,0,1,0,1,,Micro,wielkopolskie
476,0,0,1,0,0.221185074,0.344107172,0.25,0,0,1,1,0.475018866,0.444248003,1,1,0,0,1,2019,Large,?l?skie
477,0,0,1,1,0.427041106,0.474076651,0.5,0,0,1,1,0.475018866,0.444248003,0,1,0,0,0,2021,Micro,mazowieckie
478,0,0,1,0,0.221185074,0.344107172,0.25,0,0,1,1,0.475018866,0.444248003,0,1,0,0,0,2019,Middle,pomorskie
479,0,0,1,1,0.427041106,0.474076651,0.5,0,0,1,1,0.475018866,0.444248003,0,1,1,0,1,,Micro,pomorskie
480,1,1,1,1,1,1,1,1,1,1,1,1,1,1,1,1,0,1,2005,Middle,podlaskie
481,0,0,1,0,0.221185074,0.344107172,0.25,0,0,1,1,0.475018866,0.444248003,0,1,0,0,0,2024,Micro,?ódzkie
482,0,0,1,1,0.427041106,0.474076651,0.5,1,1,1,1,1,1,1,1,1,1,1,2023,Small,mazowieckie
483,0,0,0,0,0,0,0,0,0,1,0,0.243121859,0.318385931,0,0,0,1,1,2021,Small,lubuskie
484,1,1,1,1,1,1,1,1,1,1,1,1,1,0,1,0,1,1,2016,Small,podkarpackie
485,0,0,0,0,0,0,0,0,0,0,0,0,0,0,0,0,0,0,,Small,wielkopolskie
486,0,1,1,1,0.715617818,0.750823998,0.75,0,0,1,1,0.475018866,0.444248003,0,1,0,0,0,2020,Micro,dolno?l?skie
487,1,1,1,1,1,1,1,0,0,0,1,0.231897007,0.125862072,1,1,1,1,1,2012,Small,dolno?l?skie
488,0,0,1,0,0.221185074,0.344107172,0.25,0,0,1,1,0.475018866,0.444248003,0,1,0,1,0,2018,BusEnv,wielkopolskie
489,1,1,1,1,1,1,1,0,1,1,1,0.744912366,0.750782825,0,1,1,1,0,2011,Micro,ma?opolskie
490,0,0,0,0,0,0,0,0,0,0,1,0.231897007,0.125862072,0,1,0,0,0,2012,Small,lubelskie
491,1,0,0,0,0.284382182,0.249176002,0.25,0,0,0,0,0,0,0,1,1,0,0,2020,Small,mazowieckie
492,0,0,0,0,0,0,0,0,0,0,1,0.231897007,0.125862072,0,0,0,0,0,2023,Micro,lubelskie
493,0,0,1,1,0.427041106,0.474076651,0.5,0,0,1,1,0.475018866,0.444248003,0,1,0,0,1,2023,Micro,mazowieckie
494,1,1,1,1,1,1,1,1,1,1,1,1,1,0,1,1,1,1,2020,Small,podlaskie
495,0,0,0,1,0.205856032,0.12996948,0.25,0,0,0,0,0,0,0,1,0,1,0,2015,Other,dolno?l?skie
496,0,0,1,1,0.427041106,0.474076651,0.5,0,1,1,1,0.744912366,0.750782825,1,1,1,1,1,2023,Micro,ma?opolskie
497,1,1,1,1,1,1,1,1,1,1,1,1,1,1,1,1,0,1,2023,Middle,ma?opolskie
498,0,0,0,0,0,0,0,0,0,1,1,0.475018866,0.444248003,0,1,0,1,1,2023,Large,podlaskie
499,0,0,0,0,0,0,0,0,0,0,0,0,0,0,0,0,0,0,,BusEnv,pomorskie
500,0,0,0,1,0.205856032,0.12996948,0.25,0,0,0,1,0.231897007,0.125862072,0,0,0,0,1,,LocGov,dolno?l?skie
501,0,0,0,1,0.205856032,0.12996948,0.25,0,0,0,1,0.231897007,0.125862072,0,1,0,0,0,2023,Sci,podkarpackie
502,0,0,1,1,0.427041106,0.474076651,0.5,0,0,0,1,0.231897007,0.125862072,0,1,0,0,0,2019,Middle,warmi?sko-mazurskie
503,0,1,0,1,0.494432744,0.406716826,0.5,0,0,0,1,0.231897007,0.125862072,0,1,1,0,0,2021,Micro,mazowieckie
504,0,0,1,1,0.427041106,0.474076651,0.5,0,0,0,0,0,0,0,1,1,0,0,2013,Small,podkarpackie
505,0,0,0,1,0.205856032,0.12996948,0.25,0,0,1,1,0.475018866,0.444248003,0,1,0,0,0,2018,Sci,pomorskie
506,0,0,0,1,0.205856032,0.12996948,0.25,0,0,0,1,0.231897007,0.125862072,0,1,0,0,0,2019,Large,?ódzkie
507,0,0,1,1,0.427041106,0.474076651,0.5,0,0,1,1,0.475018866,0.444248003,0,0,0,0,0,2025,Micro,lubelskie
508,0,0,1,0,0.221185074,0.344107172,0.25,1,1,1,1,1,1,1,1,1,1,1,2008,Small,zachodniopomorskie
509,0,1,1,1,0.715617818,0.750823998,0.75,0,0,1,1,0.475018866,0.444248003,0,1,0,1,1,2021,Micro,dolno?l?skie
510,1,1,1,1,1,1,1,1,1,1,1,1,1,0,1,1,1,1,2021,Micro,?ódzkie
511,0,0,0,0,0,0,0,0,0,0,1,0.231897007,0.125862072,0,0,0,0,0,2023,Micro,podlaskie
512,1,1,1,1,1,1,1,1,1,1,1,1,1,1,1,0,0,1,2022,Micro,?l?skie
513,0,0,0,1,0.205856032,0.12996948,0.25,0,0,0,1,0.231897007,0.125862072,0,1,0,0,0,2002,Middle,podkarpackie
514,0,0,1,0,0.221185074,0.344107172,0.25,1,1,1,1,1,1,1,1,0,1,1,2023,Micro,mazowieckie
515,1,0,1,1,0.711423288,0.723252654,0.75,1,0,1,1,0.7301065,0.693465178,0,1,0,0,1,2013,Large,?l?skie
516,0,0,1,0,0.221185074,0.344107172,0.25,0,0,1,0,0.243121859,0.318385931,1,1,0,0,0,2023,Micro,mazowieckie
517,0,1,1,1,0.715617818,0.750823998,0.75,0,0,1,1,0.475018866,0.444248003,0,1,0,0,0,2022,Micro,wielkopolskie
518,0,0,1,0,0.221185074,0.344107172,0.25,0,0,1,0,0.243121859,0.318385931,0,0,0,0,0,2021,Small,lubuskie
519,0,0,0,1,0.205856032,0.12996948,0.25,0,0,0,1,0.231897007,0.125862072,0,1,0,0,1,2023,Middle,mazowieckie
520,0,0,0,1,0.205856032,0.12996948,0.25,0,0,0,1,0.231897007,0.125862072,0,1,1,1,1,2018,Micro,mazowieckie
521,0,0,0,0,0,0,0,0,0,0,0,0,0,0,0,0,0,0,2023,Micro,mazowieckie
522,1,1,1,1,1,1,1,0,0,0,0,0,0,0,1,1,1,0,2020,Micro,podkarpackie
523,0,0,0,0,0,0,0,0,0,0,0,0,0,0,1,0,0,0,2013,Small,dolno?l?skie
524,0,0,1,0,0.221185074,0.344107172,0.25,1,1,1,0,0.768102993,0.874137928,0,1,0,0,0,2024,Sci,podkarpackie
525,0,0,0,0,0,0,0,0,0,0,0,0,0,0,1,0,0,0,2023,Large,podlaskie
526,0,0,0,1,0.205856032,0.12996948,0.25,0,1,1,1,0.744912366,0.750782825,0,1,0,0,0,2016,Large,podkarpackie
527,1,0,0,1,0.490238214,0.379145482,0.5,0,0,1,1,0.475018866,0.444248003,1,1,1,1,1,2014,Middle,podlaskie
528,1,1,1,1,1,1,1,0,1,1,1,0.744912366,0.750782825,1,1,1,0,1,2019,Small,pomorskie
529,0,0,1,1,0.427041106,0.474076651,0.5,0,0,1,1,0.475018866,0.444248003,0,1,0,0,0,2021,Micro,lubuskie
530,0,0,0,1,0.205856032,0.12996948,0.25,0,0,1,1,0.475018866,0.444248003,1,1,1,1,0,2023,Micro,mazowieckie
531,0,0,0,0,0,0,0,1,0,1,1,0.7301065,0.693465178,0,1,0,0,0,2021,Small,?ódzkie
532,0,0,1,1,0.427041106,0.474076651,0.5,0,0,1,1,0.475018866,0.444248003,0,1,1,1,0,2014,Small,wielkopolskie
533,0,0,0,1,0.205856032,0.12996948,0.25,0,0,0,1,0.231897007,0.125862072,1,1,0,1,0,2022,Middle,?ódzkie
534,1,1,1,1,1,1,1,1,1,1,1,1,1,0,1,1,0,0,2019,Middle,podkarpackie
535,0,0,0,1,0.205856032,0.12996948,0.25,0,0,1,1,0.475018866,0.444248003,0,1,0,0,0,2019,Middle,wielkopolskie
536,1,1,1,1,1,1,1,1,1,1,1,1,1,1,1,1,0,1,2023,Large,wielkopolskie
537,1,1,1,1,1,1,1,1,1,1,1,1,1,1,1,1,1,1,2015,Middle,?l?skie
538,0,0,0,0,0,0,0,0,0,0,0,0,0,0,0,0,0,0,2025,Micro,podlaskie
539,1,1,1,1,1,1,1,1,1,1,1,1,1,1,1,1,1,1,2018,Small,dolno?l?skie
540,0,0,1,1,0.427041106,0.474076651,0.5,0,0,1,1,0.475018866,0.444248003,1,1,1,1,0,2022,Micro,mazowieckie
541,0,0,0,1,0.205856032,0.12996948,0.25,0,0,0,1,0.231897007,0.125862072,0,1,0,0,0,2018,LocGov,?wi?tokrzyskie
542,1,0,1,0,0.505567256,0.593283174,0.5,0,0,1,0,0.243121859,0.318385931,0,1,1,0,0,,Micro,
543,0,0,0,0,0,0,0,0,0,0,0,0,0,0,1,0,0,0,-,Middle,lubelskie
544,1,1,1,1,1,1,1,1,1,1,1,1,1,1,1,0,0,1,2021,Middle,mazowieckie
545,0,0,1,1,0.427041106,0.474076651,0.5,1,1,1,1,1,1,1,1,0,1,1,2021,Micro,lubelskie
546,0,0,0,0,0,0,0,0,0,0,0,0,0,0,0,0,1,0,2021,Small,lubelskie
547,0,0,1,1,0.427041106,0.474076651,0.5,0,0,1,1,0.475018866,0.444248003,0,1,0,0,1,2022,Middle,ma?opolskie
548,1,0,1,1,0.711423288,0.723252654,0.75,1,0,1,1,0.7301065,0.693465178,0,1,1,0,0,2012,Sci,pomorskie
549,0,0,1,1,0.427041106,0.474076651,0.5,1,1,1,1,1,1,0,1,0,0,0,2021,Middle,podlaskie
550,0,0,0,1,0.205856032,0.12996948,0.25,0,0,1,1,0.475018866,0.444248003,0,1,0,0,0,2019,Middle,?l?skie
551,1,1,1,1,1,1,1,0,0,1,1,0.475018866,0.444248003,1,1,1,1,1,2022,Small,mazowieckie
552,0,0,0,0,0,0,0,0,0,0,0,0,0,0,1,0,0,0,2024,Small,?ódzkie
553,0,0,1,1,0.427041106,0.474076651,0.5,0,0,1,1,0.475018866,0.444248003,1,1,1,0,0,2022,Large,warmi?sko-mazurskie
554,0,0,1,1,0.427041106,0.474076651,0.5,0,0,0,1,0.231897007,0.125862072,0,0,0,1,0,,BusEnv,wielkopolskie
555,0,0,1,1,0.427041106,0.474076651,0.5,0,0,1,1,0.475018866,0.444248003,0,0,0,0,1,2009,LocGov,pomorskie
556,0,0,1,1,0.427041106,0.474076651,0.5,0,0,1,1,0.475018866,0.444248003,0,1,1,0,1,2021,Micro,kujawsko-pomorskie
557,0,0,0,1,0.205856032,0.12996948,0.25,0,0,1,1,0.475018866,0.444248003,0,1,0,1,0,2020,Micro,wielkopolskie
558,0,0,1,1,0.427041106,0.474076651,0.5,0,0,1,1,0.475018866,0.444248003,0,1,1,0,0,2016,Micro,mazowieckie
559,0,0,0,0,0,0,0,0,0,0,1,0.231897007,0.125862072,0,1,0,0,1,2022,Small,?ódzkie
560,0,0,1,1,0.427041106,0.474076651,0.5,0,0,1,1,0.475018866,0.444248003,0,1,0,0,0,2021,Middle,mazowieckie
561,0,0,0,1,0.205856032,0.12996948,0.25,0,0,0,1,0.231897007,0.125862072,0,1,1,1,1,,Micro,
562,0,0,1,1,0.427041106,0.474076651,0.5,0,0,1,1,0.475018866,0.444248003,0,1,1,0,1,2019,Small,podlaskie
563,0,0,1,1,0.427041106,0.474076651,0.5,0,0,1,1,0.475018866,0.444248003,0,1,1,0,1,2021,Micro,mazowieckie
564,0,0,0,0,0,0,0,0,0,0,0,0,0,1,1,1,1,0,2017,Micro,ma?opolskie
565,0,0,1,1,0.427041106,0.474076651,0.5,0,0,1,1,0.475018866,0.444248003,0,1,1,0,1,2018,Small,mazowieckie
566,1,0,1,1,0.711423288,0.723252654,0.75,1,0,1,1,0.7301065,0.693465178,0,1,0,0,0,2016,Middle,?l?skie
567,0,0,1,0,0.221185074,0.344107172,0.25,1,0,1,1,0.7301065,0.693465178,0,1,0,0,1,2014,LocGov,podkarpackie
568,1,1,1,1,1,1,1,0,0,1,1,0.475018866,0.444248003,1,1,0,1,1,2024,Middle,wielkopolskie
569,0,0,0,0,0,0,0,0,0,0,0,0,0,0,0,0,0,0,2022,BusEnv,podkarpackie
570,0,0,0,1,0.205856032,0.12996948,0.25,0,0,0,1,0.231897007,0.125862072,0,1,0,0,0,,Micro,wielkopolskie
571,0,0,0,0,0,0,0,0,0,1,1,0.475018866,0.444248003,0,1,0,0,0,2022,None,dolno?l?skie
572,0,0,0,0,0,0,0,0,0,0,0,0,0,0,1,0,0,0,,Micro,wielkopolskie
573,0,1,0,1,0.494432744,0.406716826,0.5,1,1,0,1,0.756878141,0.681614069,0,1,0,1,0,,Large,dolno?l?skie
574,1,1,1,1,1,1,1,1,1,1,1,1,1,0,1,1,1,0,2015,Micro,podlaskie
575,0,0,0,0,0,0,0,0,0,0,0,0,0,0,1,0,1,1,2007,Middle,dolno?l?skie
576,0,0,1,1,0.427041106,0.474076651,0.5,1,1,1,1,1,1,1,1,1,1,1,2006,Middle,kujawsko-pomorskie
577,0,0,0,1,0.205856032,0.12996948,0.25,1,1,1,1,1,1,1,1,0,0,1,2021,Micro,mazowieckie
578,0,0,0,0,0,0,0,0,0,1,1,0.475018866,0.444248003,1,0,0,0,0,2017,Small,lubelskie
579,0,0,1,1,0.427041106,0.474076651,0.5,0,0,1,1,0.475018866,0.444248003,0,1,1,0,0,2017,Micro,lubelskie
580,1,1,1,1,1,1,1,1,1,1,1,1,1,1,1,0,1,1,,Large,mazowieckie
581,1,1,1,1,1,1,1,1,1,1,1,1,1,1,1,1,1,0,2009,Middle,zachodniopomorskie
582,1,1,1,1,1,1,1,1,1,1,1,1,1,0,1,0,1,0,2012,Micro,ma?opolskie
583,0,0,0,1,0.205856032,0.12996948,0.25,0,1,1,1,0.744912366,0.750782825,0,1,1,0,0,2020,Micro,?l?skie
584,1,0,1,1,0.711423288,0.723252654,0.75,0,1,1,1,0.744912366,0.750782825,0,0,0,1,1,2024,Micro,?wi?tokrzyskie
585,0,1,0,1,0.494432744,0.406716826,0.5,0,1,1,1,0.744912366,0.750782825,0,1,0,1,1,2018,Middle,warmi?sko-mazurskie
586,0,0,1,0,0.221185074,0.344107172,0.25,0,1,0,1,0.501790507,0.432396894,0,1,0,0,0,2024,Small,podkarpackie
587,0,0,1,1,0.427041106,0.474076651,0.5,1,0,1,1,0.7301065,0.693465178,0,1,0,1,0,2017,Small,podlaskie
588,0,0,1,0,0.221185074,0.344107172,0.25,0,0,1,0,0.243121859,0.318385931,0,1,0,0,0,2018,Middle,mazowieckie
589,0,0,0,1,0.205856032,0.12996948,0.25,0,0,0,1,0.231897007,0.125862072,0,1,0,0,0,2012,Sci,?ódzkie
590,0,0,0,0,0,0,0,0,0,1,0,0.243121859,0.318385931,0,1,0,0,0,2020,Small,kujawsko-pomorskie
591,0,0,0,0,0,0,0,1,0,0,1,0.486984641,0.375079247,0,1,1,0,0,2020,Micro,zachodniopomorskie
592,0,0,0,0,0,0,0,0,0,0,0,0,0,0,0,0,0,0,2024,Micro,pomorskie
593,0,0,0,1,0.205856032,0.12996948,0.25,0,0,0,1,0.231897007,0.125862072,0,0,0,0,0,2015,Sci,dolno?l?skie
594,1,1,1,1,1,1,1,1,0,1,1,0.7301065,0.693465178,0,1,1,1,0,2015,Micro,podkarpackie
595,0,0,0,1,0.205856032,0.12996948,0.25,0,0,0,0,0,0,0,0,1,0,0,2016,Middle,pomorskie
596,0,0,1,1,0.427041106,0.474076651,0.5,1,1,1,1,1,1,0,0,1,0,0,2021,Micro,mazowieckie
597,0,0,0,0,0,0,0,0,0,0,0,0,0,0,1,0,0,0,2024,Micro,mazowieckie
598,0,0,1,1,0.427041106,0.474076651,0.5,0,1,1,1,0.744912366,0.750782825,0,1,0,0,0,2019,Sci,dolno?l?skie
599,1,1,1,1,1,1,1,1,1,1,1,1,1,1,1,1,1,1,2011,Small,zachodniopomorskie
600,1,1,1,1,1,1,1,1,1,1,1,1,1,1,1,0,0,1,2022,Micro,?l?skie
601,0,1,1,1,0.715617818,0.750823998,0.75,1,1,1,1,1,1,0,1,0,0,0,2020,Micro,dolno?l?skie
602,0,0,1,1,0.427041106,0.474076651,0.5,0,0,1,1,0.475018866,0.444248003,0,1,0,1,0,2021,Micro,ma?opolskie
603,0,0,0,1,0.205856032,0.12996948,0.25,0,0,0,1,0.231897007,0.125862072,0,1,0,0,0,2024,Large,kujawsko-pomorskie
604,1,0,1,0,0.505567256,0.593283174,0.5,1,0,1,0,0.498209493,0.567603106,0,0,0,0,0,2022,Small,zachodniopomorskie
605,0,1,0,1,0.494432744,0.406716826,0.5,0,1,0,1,0.501790507,0.432396894,1,1,0,1,1,2024,Small,ma?opolskie
606,0,0,1,1,0.427041106,0.474076651,0.5,0,1,1,1,0.744912366,0.750782825,0,1,0,0,0,2009,Middle,lubelskie
607,0,0,0,1,0.205856032,0.12996948,0.25,0,0,0,1,0.231897007,0.125862072,0,1,0,0,0,2022,Small,?l?skie
608,0,0,1,1,0.427041106,0.474076651,0.5,0,0,1,1,0.475018866,0.444248003,1,1,0,0,0,2016,Middle,mazowieckie
609,0,0,1,1,0.427041106,0.474076651,0.5,0,0,1,1,0.475018866,0.444248003,1,0,0,1,0,2019,Middle,lubelskie
610,0,0,0,1,0.205856032,0.12996948,0.25,0,0,0,0,0,0,1,1,0,0,0,2022,Micro,wielkopolskie
611,0,0,0,1,0.205856032,0.12996948,0.25,0,0,1,1,0.475018866,0.444248003,1,1,1,1,0,2023,Micro,mazowieckie
612,1,0,1,1,0.711423288,0.723252654,0.75,1,1,1,1,1,1,1,1,0,0,1,2010,Middle,?l?skie
613,0,1,1,1,0.715617818,0.750823998,0.75,0,1,0,1,0.501790507,0.432396894,1,1,0,1,0,2019,Micro,ma?opolskie
614,1,1,1,1,1,1,1,0,1,1,1,0.744912366,0.750782825,0,1,1,1,1,,Micro,mazowieckie
615,1,0,1,1,0.711423288,0.723252654,0.75,1,1,1,1,1,1,0,1,1,0,1,2020,Middle,?l?skie
616,1,1,1,1,1,1,1,0,0,1,1,0.475018866,0.444248003,0,1,1,1,1,2016,Small,mazowieckie
617,1,1,1,1,1,1,1,1,1,1,1,1,1,1,1,0,0,1,2019,Small,?l?skie
618,0,0,0,0,0,0,0,1,0,1,1,0.7301065,0.693465178,0,1,1,1,0,2022,Micro,mazowieckie
619,0,0,0,0,0,0,0,0,0,0,1,0.231897007,0.125862072,0,0,0,0,0,2021,Sci,mazowieckie
620,0,0,1,0,0.221185074,0.344107172,0.25,0,0,1,1,0.475018866,0.444248003,1,1,0,0,0,,Small,kujawsko-pomorskie
621,1,1,1,1,1,1,1,1,0,1,1,0.7301065,0.693465178,1,1,0,1,1,2012,Small,dolno?l?skie
622,1,1,1,1,1,1,1,1,1,1,1,1,1,0,1,0,0,1,2017,Micro,?l?skie
623,0,0,1,0,0.221185074,0.344107172,0.25,1,0,1,1,0.7301065,0.693465178,1,1,0,0,1,2023,Micro,mazowieckie
624,1,1,1,1,1,1,1,1,1,1,1,1,1,1,1,1,0,1,2021,Small,zachodniopomorskie
625,0,0,0,0,0,0,0,0,0,1,0,0.243121859,0.318385931,0,1,0,0,0,2025,Middle,dolno?l?skie
626,1,1,1,1,1,1,1,0,0,0,1,0.231897007,0.125862072,0,1,1,1,0,2016,Small,mazowieckie
627,1,1,1,1,1,1,1,1,1,1,1,1,1,0,1,1,1,1,,Micro,podkarpackie
628,0,0,0,0,0,0,0,0,0,0,0,0,0,0,1,1,1,0,2012,Middle,podlaskie
629,0,0,0,0,0,0,0,0,0,1,1,0.475018866,0.444248003,0,1,0,0,0,2023,Micro,lubelskie
630,0,0,1,1,0.427041106,0.474076651,0.5,0,0,1,1,0.475018866,0.444248003,0,1,0,0,0,2019,Middle,mazowieckie
631,0,0,1,0,0.221185074,0.344107172,0.25,0,0,1,0,0.243121859,0.318385931,1,1,1,0,0,2022,Small,?l?skie
632,1,1,1,0,0.794143968,0.87003052,0.75,1,1,1,0,0.768102993,0.874137928,1,1,1,1,1,2018,Other,podkarpackie
633,0,0,1,1,0.427041106,0.474076651,0.5,0,0,1,1,0.475018866,0.444248003,0,1,0,0,0,2023,Micro,mazowieckie
634,0,0,1,1,0.427041106,0.474076651,0.5,0,0,1,1,0.475018866,0.444248003,0,1,0,0,0,2024,Micro,lubuskie
635,0,0,1,1,0.427041106,0.474076651,0.5,0,0,1,1,0.475018866,0.444248003,1,1,0,0,1,2021,Micro,ma?opolskie
636,1,1,1,1,1,1,1,1,1,1,1,1,1,0,1,1,0,1,2019,Large,podlaskie
637,0,0,0,0,0,0,0,0,0,0,0,0,0,0,0,0,0,0,2021,Other,dolno?l?skie
638,1,1,1,1,1,1,1,1,1,1,1,1,1,0,1,0,0,1,,Micro,pomorskie
639,0,0,0,1,0.205856032,0.12996948,0.25,0,0,0,1,0.231897007,0.125862072,1,1,1,0,0,2004,Large,wielkopolskie
640,0,0,1,0,0.221185074,0.344107172,0.25,0,0,1,1,0.475018866,0.444248003,0,1,0,0,0,,Micro,wielkopolskie
641,0,0,1,1,0.427041106,0.474076651,0.5,0,0,1,1,0.475018866,0.444248003,0,1,0,0,1,2019,Large,zachodniopomorskie
642,0,0,1,0,0.221185074,0.344107172,0.25,0,0,1,0,0.243121859,0.318385931,0,1,0,0,0,2019,Middle,lubelskie
643,0,0,1,0,0.221185074,0.344107172,0.25,0,0,1,0,0.243121859,0.318385931,0,1,0,0,0,2022,Middle,ma?opolskie
644,1,1,1,1,1,1,1,1,1,1,1,1,1,1,1,1,0,0,2016,Micro,pomorskie
645,0,0,1,1,0.427041106,0.474076651,0.5,0,0,1,1,0.475018866,0.444248003,0,1,0,0,0,2002,Micro,zachodniopomorskie
646,0,0,0,1,0.205856032,0.12996948,0.25,0,0,0,1,0.231897007,0.125862072,1,0,0,0,0,2021,Middle,mazowieckie
647,0,0,1,1,0.427041106,0.474076651,0.5,0,0,1,1,0.475018866,0.444248003,0,1,0,0,0,2023,Small,wielkopolskie
648,1,1,0,1,0.778814926,0.655892828,0.75,1,1,0,0,0.524981134,0.555751997,0,1,0,0,1,2024,Middle,lubelskie
649,0,0,0,1,0.205856032,0.12996948,0.25,0,0,0,1,0.231897007,0.125862072,0,0,0,0,0,2014,Middle,lubelskie
650,1,1,1,1,1,1,1,1,1,1,1,1,1,0,1,1,1,1,,Micro,dolno?l?skie
651,0,1,1,1,0.715617818,0.750823998,0.75,0,0,1,1,0.475018866,0.444248003,0,1,1,1,1,2018,Micro,mazowieckie
652,1,1,1,1,1,1,1,1,0,1,1,0.7301065,0.693465178,1,1,1,1,1,2019,Small,opolskie
653,0,0,1,1,0.427041106,0.474076651,0.5,0,0,1,1,0.475018866,0.444248003,0,1,0,1,0,2018,Micro,podlaskie
654,1,1,1,1,1,1,1,1,1,1,1,1,1,1,1,1,0,1,,Small,?l?skie
655,0,0,0,1,0.205856032,0.12996948,0.25,0,0,0,1,0.231897007,0.125862072,0,1,0,0,0,2020,Micro,ma?opolskie
656,0,0,1,1,0.427041106,0.474076651,0.5,0,0,1,1,0.475018866,0.444248003,0,1,1,0,0,2024,Micro,podkarpackie
657,0,0,0,1,0.205856032,0.12996948,0.25,0,0,0,0,0,0,0,1,0,0,0,2017,LocGov,dolno?l?skie
658,1,1,1,1,1,1,1,0,0,1,1,0.475018866,0.444248003,0,0,0,1,1,2024,Middle,kujawsko-pomorskie
659,1,1,1,1,1,1,1,1,1,1,1,1,1,1,1,0,1,1,2013,Sci,?l?skie
660,0,0,1,1,0.427041106,0.474076651,0.5,0,0,1,1,0.475018866,0.444248003,0,1,0,0,0,2015,Sci,dolno?l?skie
661,0,0,1,1,0.427041106,0.474076651,0.5,0,1,1,1,0.744912366,0.750782825,0,1,1,0,1,2003,Micro,dolno?l?skie
662,0,0,1,1,0.427041106,0.474076651,0.5,1,0,1,1,0.7301065,0.693465178,0,1,1,1,0,2024,Small,?l?skie
663,0,0,0,1,0.205856032,0.12996948,0.25,0,0,0,1,0.231897007,0.125862072,0,0,0,0,0,,Large,?ódzkie
664,0,0,0,0,0,0,0,0,0,0,0,0,0,0,1,0,0,0,2024,Small,?ódzkie
665,0,0,0,1,0.205856032,0.12996948,0.25,0,0,0,1,0.231897007,0.125862072,0,0,0,0,0,2014,Micro,podlaskie
666,0,0,0,1,0.205856032,0.12996948,0.25,0,0,0,1,0.231897007,0.125862072,0,0,0,0,0,2022,Middle,?l?skie
667,0,0,0,0,0,0,0,0,0,0,0,0,0,0,1,0,1,0,2016,Small,lubelskie
668,0,0,1,1,0.427041106,0.474076651,0.5,1,0,1,1,0.7301065,0.693465178,0,1,0,0,0,2022,Middle,zachodniopomorskie
669,1,1,1,1,1,1,1,1,1,1,1,1,1,1,1,1,1,0,2023,Middle,wielkopolskie
670,0,0,1,1,0.427041106,0.474076651,0.5,0,0,1,1,0.475018866,0.444248003,0,1,0,0,0,2025,Micro,podlaskie
671,0,0,0,1,0.205856032,0.12996948,0.25,0,0,0,1,0.231897007,0.125862072,0,1,0,0,0,2015,Middle,lubuskie
672,0,0,1,0,0.221185074,0.344107172,0.25,1,1,1,1,1,1,0,1,1,0,0,2022,Micro,lubuskie
673,0,1,0,1,0.494432744,0.406716826,0.5,0,0,0,1,0.231897007,0.125862072,1,1,0,0,0,2020,Small,podlaskie
674,1,1,1,1,1,1,1,1,1,0,1,0.756878141,0.681614069,1,1,0,1,1,2022,Small,mazowieckie
675,0,0,0,0,0,0,0,0,0,1,0,0.243121859,0.318385931,1,1,0,0,0,2024,Micro,ma?opolskie
676,0,0,0,1,0.205856032,0.12996948,0.25,0,0,0,1,0.231897007,0.125862072,0,1,1,0,0,2006,BusEnv,ma?opolskie
677,1,1,1,1,1,1,1,1,1,1,1,1,1,0,1,0,0,1,2015,BusEnv,podkarpackie
678,1,1,1,0,0.794143968,0.87003052,0.75,1,1,1,1,1,1,0,1,0,0,0,2023,Sci,?l?skie
679,0,0,1,1,0.427041106,0.474076651,0.5,0,0,1,1,0.475018866,0.444248003,0,1,0,0,0,2021,Micro,mazowieckie
680,0,0,1,1,0.427041106,0.474076651,0.5,0,0,1,1,0.475018866,0.444248003,0,1,0,0,1,2015,Small,pomorskie
681,0,0,0,0,0,0,0,0,0,0,0,0,0,0,0,0,0,0,2020,Small,podlaskie
682,1,1,1,1,1,1,1,1,1,1,1,1,1,1,0,1,0,1,2014,Middle,warmi?sko-mazurskie
683,0,0,1,0,0.221185074,0.344107172,0.25,0,0,1,1,0.475018866,0.444248003,0,1,1,0,1,2022,Micro,wielkopolskie
684,0,0,1,1,0.427041106,0.474076651,0.5,1,0,1,1,0.7301065,0.693465178,0,1,0,0,1,2016,Middle,zachodniopomorskie
685,1,1,1,1,1,1,1,1,1,1,1,1,1,0,1,1,0,0,2015,Sci,?l?skie
686,0,0,0,0,0,0,0,0,0,0,0,0,0,0,1,0,0,0,2014,Middle,podlaskie
687,0,0,0,0,0,0,0,1,1,1,1,1,1,1,1,1,1,1,2017,Small,lubelskie
688,1,0,1,1,0.711423288,0.723252654,0.75,0,1,1,1,0.744912366,0.750782825,0,1,1,0,0,2023,Micro,mazowieckie
689,1,1,1,1,1,1,1,0,0,0,1,0.231897007,0.125862072,0,1,1,0,1,2011,Sci,podkarpackie
690,0,0,0,0,0,0,0,0,0,0,0,0,0,0,1,0,0,0,2018,Other,dolno?l?skie
691,0,0,0,0,0,0,0,0,0,1,1,0.475018866,0.444248003,0,1,0,0,0,2016,Large,podkarpackie
692,0,0,1,1,0.427041106,0.474076651,0.5,0,0,1,1,0.475018866,0.444248003,0,1,1,0,0,2012,Small,mazowieckie
693,0,0,1,1,0.427041106,0.474076651,0.5,0,1,1,1,0.744912366,0.750782825,1,1,1,1,0,2018,Sci,podkarpackie
694,1,1,1,1,1,1,1,1,1,1,1,1,1,0,1,1,0,1,2018,Large,podkarpackie
695,0,0,0,1,0.205856032,0.12996948,0.25,0,0,1,1,0.475018866,0.444248003,0,1,0,1,0,2020,Small,podlaskie
696,0,0,1,1,0.427041106,0.474076651,0.5,0,0,1,1,0.475018866,0.444248003,0,1,0,0,0,2013,Small,
697,0,0,0,1,0.205856032,0.12996948,0.25,0,0,0,1,0.231897007,0.125862072,0,0,0,0,0,2022,Middle,opolskie
698,0,0,0,1,0.205856032,0.12996948,0.25,0,0,1,1,0.475018866,0.444248003,1,1,1,0,1,2023,Micro,mazowieckie
699,0,0,0,0,0,0,0,0,0,1,0,0.243121859,0.318385931,0,1,0,0,0,2022,Small,wielkopolskie
700,0,0,1,1,0.427041106,0.474076651,0.5,0,0,1,1,0.475018866,0.444248003,1,1,0,0,0,2021,Micro,ma?opolskie
701,0,1,1,1,0.715617818,0.750823998,0.75,0,1,1,1,0.744912366,0.750782825,1,1,1,1,0,2014,Middle,podkarpackie
702,0,0,0,0,0,0,0,1,0,1,0,0.498209493,0.567603106,0,1,0,0,1,2013,Middle,kujawsko-pomorskie
703,0,1,1,1,0.715617818,0.750823998,0.75,0,0,1,1,0.475018866,0.444248003,0,1,0,0,0,2020,Large,podlaskie
704,0,0,0,0,0,0,0,0,0,0,0,0,0,0,1,0,0,0,2020,Micro,lubuskie
705,1,1,1,1,1,1,1,0,0,1,1,0.475018866,0.444248003,0,1,1,0,1,2015,Middle,pomorskie
706,0,0,0,0,0,0,0,0,0,0,0,0,0,0,0,0,0,0,2015,Micro,dolno?l?skie
707,0,0,0,1,0.205856032,0.12996948,0.25,1,1,0,1,0.756878141,0.681614069,0,1,0,1,1,2011,Micro,podkarpackie
708,0,1,1,1,0.715617818,0.750823998,0.75,0,1,1,1,0.744912366,0.750782825,1,1,1,1,1,2021,Small,kujawsko-pomorskie
709,0,1,1,1,0.715617818,0.750823998,0.75,1,1,1,1,1,1,1,1,1,1,1,2016,Micro,podkarpackie
710,0,0,0,1,0.205856032,0.12996948,0.25,1,0,1,0,0.498209493,0.567603106,0,1,1,1,1,2022,Micro,kujawsko-pomorskie
711,0,0,0,1,0.205856032,0.12996948,0.25,1,0,0,1,0.486984641,0.375079247,0,1,0,0,0,2018,Small,warmi?sko-mazurskie
712,0,1,1,1,0.715617818,0.750823998,0.75,0,1,1,1,0.744912366,0.750782825,1,1,1,0,1,2009,Sci,pomorskie
713,0,0,1,1,0.427041106,0.474076651,0.5,1,0,1,1,0.7301065,0.693465178,0,1,0,0,1,,Micro,kujawsko-pomorskie
714,0,0,0,0,0,0,0,0,0,0,1,0.231897007,0.125862072,0,0,0,0,0,2025,Middle,zachodniopomorskie
715,0,0,1,1,0.427041106,0.474076651,0.5,0,0,0,1,0.231897007,0.125862072,0,1,1,0,0,2011,Micro,podkarpackie
716,0,0,0,1,0.205856032,0.12996948,0.25,1,1,1,1,1,1,0,1,1,0,1,,Micro,zachodniopomorskie
717,0,0,1,1,0.427041106,0.474076651,0.5,0,0,1,1,0.475018866,0.444248003,1,1,0,1,1,2016,Micro,ma?opolskie
718,0,0,0,1,0.205856032,0.12996948,0.25,0,0,0,1,0.231897007,0.125862072,0,1,0,0,0,2018,Micro,podkarpackie
719,0,0,1,1,0.427041106,0.474076651,0.5,0,0,1,1,0.475018866,0.444248003,1,1,0,0,0,2016,Large,opolskie
720,1,1,1,1,1,1,1,1,1,1,1,1,1,0,1,1,1,1,2023,Micro,lubelskie
721,0,0,1,1,0.427041106,0.474076651,0.5,0,0,1,1,0.475018866,0.444248003,1,1,0,0,1,2012,Middle,wielkopolskie
722,0,0,0,0,0,0,0,1,1,1,1,1,1,1,1,0,1,0,2017,Small,lubelskie
723,0,0,1,1,0.427041106,0.474076651,0.5,1,1,1,1,1,1,0,1,0,1,1,,Large,
724,1,1,1,1,1,1,1,1,0,1,1,0.7301065,0.693465178,0,1,1,0,1,2022,Middle,wielkopolskie
725,0,0,1,1,0.427041106,0.474076651,0.5,0,0,1,1,0.475018866,0.444248003,0,1,1,0,0,2009,Micro,mazowieckie
726,0,0,0,0,0,0,0,0,0,0,0,0,0,0,1,0,0,0,2019,Micro,?ódzkie
727,1,1,1,1,1,1,1,1,1,1,1,1,1,0,1,1,1,1,2019,Middle,ma?opolskie
728,1,1,1,1,1,1,1,1,1,1,1,1,1,0,1,1,1,0,2008,Middle,lubuskie
729,1,1,1,1,1,1,1,1,1,1,1,1,1,1,1,1,1,1,2013,Middle,lubelskie
730,1,1,1,1,1,1,1,0,0,1,1,0.475018866,0.444248003,0,1,1,0,1,2014,Sci,?l?skie
731,0,0,1,0,0.221185074,0.344107172,0.25,0,0,1,1,0.475018866,0.444248003,0,1,0,0,0,2024,Micro,mazowieckie
732,1,1,1,1,1,1,1,0,0,0,1,0.231897007,0.125862072,0,1,0,0,1,2024,Middle,ma?opolskie
733,0,0,0,0,0,0,0,0,0,1,0,0.243121859,0.318385931,1,1,0,0,1,2020,Middle,ma?opolskie
